Temperature (Â°C),Humidity (%),Precipitation (mm),Soil Moisture (%),Elevation (m),Landslide Risk Prediction
17,68,176,64,120,0
26,33,65,24,672,0
16,81,56,52,36,0
25,53,136,70,583,0
34,77,23,37,130,0
15,84,70,58,462,0
35,89,208,41,898,0
35,41,147,51,256,0
28,53,86,30,144,0
21,62,41,29,807,0
28,30,80,75,192,0
32,66,214,71,925,0
24,31,6,77,677,0
25,84,116,27,837,0
25,76,91,41,52,0
24,56,15,89,712,0
27,90,65,74,191,0
23,72,144,53,66,0
28,55,217,58,364,0
31,53,64,39,829,0
27,67,7,58,403,0
31,49,106,88,494,0
20,80,147,55,804,0
30,51,115,32,943,0
32,43,107,59,322,0
30,45,143,71,749,0
32,70,184,87,687,0
18,35,71,84,782,0
18,36,55,86,644,0
31,38,77,30,75,0
21,43,124,48,703,0
20,48,175,23,541,0
19,84,114,45,597,0
27,95,194,68,575,1
26,37,233,51,289,0
26,84,69,83,272,0
25,56,59,78,346,0
15,84,65,36,439,0
30,30,174,58,639,0
27,43,193,47,755,0
31,47,243,25,813,0
23,91,118,78,994,1
17,42,157,59,447,0
28,32,39,23,865,0
20,57,237,52,486,0
23,40,199,47,466,0
34,84,7,23,483,0
33,52,27,57,249,0
32,87,239,51,940,0
16,65,159,54,597,0
32,72,49,69,213,0
34,86,152,40,407,0
30,88,230,89,86,0
28,44,96,82,238,0
28,73,196,42,767,0
23,53,131,77,136,0
34,45,250,72,184,0
29,53,58,88,718,0
15,81,151,77,877,1
21,50,186,90,680,0
19,87,58,66,357,0
23,76,54,71,839,0
31,91,147,41,582,0
21,64,125,65,180,0
34,64,238,81,531,0
23,53,112,87,628,0
20,53,109,64,187,0
15,31,132,82,448,0
26,77,76,53,641,0
24,88,107,29,552,0
35,67,212,78,766,0
33,42,59,23,695,0
28,79,184,33,874,0
22,57,185,87,610,0
19,59,110,88,282,0
17,57,217,71,43,0
30,71,48,46,801,0
34,31,67,30,60,0
35,88,234,89,958,1
31,79,78,32,855,0
19,37,57,28,725,0
32,89,83,66,757,1
31,51,129,54,431,0
27,80,56,53,666,0
19,87,99,43,727,0
23,88,176,62,438,1
18,87,149,54,818,0
34,48,197,55,813,0
35,61,6,46,650,0
33,46,196,89,266,0
32,85,5,72,157,0
20,88,62,63,102,0
30,93,19,80,798,0
19,80,78,44,427,0
22,65,1,64,348,0
21,70,127,73,989,0
15,42,209,78,594,0
27,49,12,76,839,0
34,36,121,81,784,0
18,35,202,84,755,0
28,91,226,33,399,0
22,83,38,40,357,0
26,41,222,82,324,0
33,73,164,22,553,0
25,59,224,86,713,0
29,46,211,58,276,0
25,59,196,69,515,0
23,61,68,34,462,0
20,67,72,60,184,0
34,49,84,26,454,0
29,71,159,29,512,0
25,79,35,70,867,0
23,56,241,46,578,0
24,41,139,49,989,0
17,81,35,44,813,0
28,31,161,86,153,0
28,82,238,23,53,0
20,42,167,84,122,0
16,51,72,85,353,0
20,57,150,24,171,0
15,93,16,78,507,0
35,50,77,59,509,0
22,86,219,89,447,1
16,90,115,87,575,1
15,90,73,39,630,0
26,69,211,28,543,0
30,68,15,38,468,0
20,63,149,37,398,0
31,58,115,76,203,0
16,64,58,36,823,0
34,86,211,35,552,0
32,78,220,53,4,0
20,90,102,27,869,0
19,92,204,38,22,0
33,77,50,20,905,0
25,80,8,40,468,0
15,49,98,43,329,0
30,64,10,47,683,0
20,42,87,23,672,0
19,83,134,25,328,0
35,30,81,79,645,0
21,62,95,32,81,0
22,51,101,70,696,0
28,88,209,78,765,1
20,79,21,20,284,0
17,56,88,26,297,0
34,62,14,34,62,0
20,87,247,64,124,0
22,58,213,83,332,0
21,68,204,73,436,0
18,35,212,49,556,0
30,91,167,58,574,0
24,51,108,50,615,0
17,35,244,70,915,0
24,58,108,51,439,0
34,83,208,72,642,1
18,44,83,66,593,0
35,31,239,53,178,0
32,41,195,41,561,0
25,88,94,24,342,0
21,42,111,21,726,0
31,41,107,39,668,0
26,83,5,24,502,0
32,92,182,90,748,1
25,50,84,58,105,0
22,77,97,45,286,0
30,42,21,61,10,0
16,68,233,84,575,0
23,42,18,30,947,0
16,43,221,52,769,0
17,36,155,68,429,0
28,65,127,42,236,0
30,73,5,38,554,0
18,83,175,62,405,1
29,89,192,43,525,0
29,60,217,35,872,0
29,31,1,73,860,0
18,61,65,89,67,0
23,45,218,45,949,0
30,42,214,66,200,0
19,91,53,49,65,0
15,95,86,64,115,0
31,55,171,64,159,0
18,77,104,20,642,0
18,49,84,73,256,0
33,93,125,39,404,0
23,69,168,67,333,0
32,87,154,63,764,1
19,36,176,44,429,0
19,59,13,38,898,0
31,62,117,46,875,0
16,90,124,87,371,1
24,52,206,58,548,0
17,47,21,62,515,0
26,74,247,73,95,0
21,38,210,80,478,0
23,75,241,78,540,1
26,87,91,75,745,1
25,45,71,40,410,0
19,47,198,73,438,0
17,71,179,64,873,1
22,79,158,24,388,0
35,31,138,20,253,0
31,81,31,27,984,0
25,66,139,52,336,0
32,49,160,21,464,0
19,81,10,37,860,0
30,82,123,57,889,0
27,94,1,55,863,0
18,74,97,56,757,0
28,89,30,24,132,0
17,73,110,42,975,0
21,55,166,56,823,0
35,44,247,62,783,0
20,35,190,87,491,0
31,58,91,40,353,0
25,60,118,41,392,0
25,69,208,87,79,0
24,73,111,37,531,0
26,67,74,30,267,0
32,41,95,77,744,0
19,72,16,58,560,0
19,72,169,30,58,0
27,80,48,59,468,0
28,62,79,70,843,0
28,41,194,45,121,0
28,31,29,48,223,0
18,61,225,57,977,0
18,35,239,29,651,0
19,63,206,25,326,0
34,63,203,45,680,0
31,72,203,61,159,0
19,77,49,81,998,0
26,88,87,40,372,0
20,37,110,31,904,0
28,39,55,28,603,0
30,75,191,61,722,1
25,79,188,51,290,0
17,50,27,74,937,0
34,75,3,61,345,0
32,94,12,49,730,0
22,82,232,81,111,0
26,80,9,63,986,0
35,49,88,53,729,0
23,46,78,87,82,0
17,88,16,27,431,0
21,90,0,54,768,0
18,39,177,52,495,0
29,93,37,43,26,0
35,80,11,54,316,0
32,81,170,39,47,0
19,55,78,40,197,0
29,40,100,75,83,0
24,88,197,55,410,0
26,94,3,83,735,0
25,54,234,21,524,0
30,82,63,90,886,0
27,57,176,70,851,0
19,34,104,85,52,0
29,73,172,34,781,0
27,31,198,69,804,0
28,40,38,78,427,0
25,88,189,34,508,0
20,40,127,43,130,0
26,30,116,83,970,0
25,63,197,42,71,0
21,78,220,47,621,0
18,70,150,34,732,0
18,92,220,46,553,0
27,38,85,66,575,0
22,31,235,41,313,0
32,56,100,24,364,0
18,77,115,23,897,0
16,78,229,90,383,1
26,92,129,34,535,0
27,39,193,23,957,0
20,35,187,25,799,0
17,71,196,68,724,1
29,89,17,61,664,0
17,41,232,34,405,0
17,85,142,68,920,1
25,88,134,86,10,0
32,42,49,74,421,0
17,69,193,32,878,0
24,47,94,57,924,0
33,72,187,48,848,0
21,77,129,61,560,1
31,32,207,71,411,0
17,43,89,85,100,0
35,94,147,83,910,1
24,90,22,63,569,0
22,71,36,24,489,0
17,48,212,86,324,0
30,47,28,69,517,0
26,67,159,24,490,0
21,30,191,66,915,0
32,55,175,48,425,0
33,83,139,70,730,1
28,66,64,69,21,0
26,62,209,39,239,0
20,36,209,53,189,0
19,50,107,82,719,0
20,53,95,80,416,0
33,80,77,55,560,0
25,31,183,24,327,0
22,46,74,37,534,0
28,58,86,55,143,0
17,70,15,26,221,0
17,77,47,30,847,0
29,87,153,45,465,0
15,80,2,41,991,0
19,81,114,27,386,0
31,48,151,35,395,0
15,94,121,80,129,0
15,43,222,79,100,0
34,94,91,66,756,1
30,77,120,61,852,1
26,33,176,52,161,0
23,77,148,84,278,1
31,84,114,31,388,0
26,59,74,56,118,0
21,68,249,75,787,0
20,48,243,65,825,0
35,74,26,69,693,0
15,32,98,65,862,0
31,73,212,77,753,1
20,50,122,56,880,0
22,84,231,80,499,1
24,76,142,53,25,0
28,48,76,48,524,0
22,35,128,49,433,0
35,69,225,73,42,0
24,71,43,31,972,0
21,94,155,82,964,1
26,43,247,52,471,0
16,72,16,48,86,0
22,45,95,72,131,0
33,50,245,44,434,0
22,93,224,28,282,0
35,38,138,54,119,0
29,61,39,65,80,0
31,36,208,21,843,0
31,31,33,38,615,0
24,90,190,25,708,0
20,65,183,41,151,0
24,33,91,45,755,0
34,63,134,31,298,0
33,39,61,42,50,0
34,86,72,23,802,0
18,57,25,29,217,0
33,93,31,40,976,0
22,56,46,70,258,0
31,79,81,39,74,0
21,32,149,56,738,0
33,42,88,60,133,0
16,34,71,81,314,0
24,58,222,68,171,0
30,37,128,78,310,0
32,33,191,74,822,0
17,83,38,25,733,0
33,68,154,86,842,0
28,52,31,84,368,0
20,90,88,24,835,0
31,70,101,52,603,0
35,47,131,23,50,0
18,92,70,61,57,0
29,69,247,36,845,0
30,35,91,65,315,0
20,69,246,31,121,0
24,91,110,29,995,0
35,90,23,20,286,0
17,44,72,21,967,0
27,50,228,24,105,0
18,33,3,75,506,0
27,64,123,24,856,0
26,30,46,55,906,0
15,43,79,29,234,0
24,58,105,79,95,0
25,34,241,83,270,0
15,78,224,37,513,0
23,31,93,71,445,0
16,74,85,21,790,0
29,89,56,28,409,0
15,32,237,24,157,0
29,78,173,85,480,1
34,33,55,69,468,0
16,57,225,62,783,0
23,54,71,60,121,0
19,86,55,87,134,0
31,67,149,71,425,0
17,88,85,21,345,0
19,69,168,35,803,0
35,49,167,28,237,0
29,94,205,73,40,0
27,47,57,48,644,0
23,60,186,69,891,0
34,41,152,75,600,0
27,90,4,86,726,0
24,51,37,45,968,0
26,80,76,69,599,0
22,59,240,32,285,0
27,87,82,50,669,0
30,71,89,71,141,0
30,70,1,82,633,0
34,90,20,58,65,0
27,71,156,32,394,0
26,55,209,24,162,0
27,52,222,33,989,0
25,78,95,58,47,0
27,64,165,30,501,0
25,65,46,22,223,0
22,71,85,42,251,0
33,50,14,41,352,0
28,31,196,44,262,0
24,91,161,27,763,0
26,95,230,90,617,1
33,53,117,33,311,0
23,59,236,72,444,0
17,62,191,65,399,0
15,44,97,56,533,0
23,78,167,31,138,0
21,85,98,74,97,0
27,67,63,32,452,0
17,62,94,77,856,0
22,34,112,89,257,0
31,81,113,76,202,1
28,74,168,74,113,0
25,33,117,23,627,0
23,36,85,47,262,0
27,58,147,85,37,0
33,48,22,41,351,0
15,65,44,25,917,0
33,50,176,70,524,0
29,47,152,63,936,0
22,74,166,87,880,1
30,59,86,57,486,0
34,52,143,86,590,0
24,34,53,67,366,0
29,57,238,79,183,0
34,87,112,89,626,1
34,81,225,57,845,0
27,44,56,73,595,0
30,53,138,43,140,0
24,43,125,82,880,0
16,57,197,41,93,0
23,88,157,51,695,0
16,55,244,39,26,0
21,37,237,68,813,0
24,87,11,80,232,0
27,89,223,56,359,0
34,69,238,50,174,0
33,83,108,70,764,1
25,60,68,60,757,0
30,37,30,30,937,0
32,49,139,34,36,0
30,89,181,30,253,0
15,91,92,64,318,1
17,60,222,28,425,0
29,66,141,44,197,0
29,92,1,68,368,0
20,95,64,77,438,0
26,47,180,76,871,0
33,61,8,64,826,0
33,86,203,82,568,1
28,42,157,80,210,0
27,65,144,60,294,0
30,50,231,76,419,0
16,56,239,89,684,0
25,37,56,63,735,0
34,35,43,82,72,0
26,72,105,38,809,0
29,84,5,54,516,0
27,73,17,69,352,0
26,59,93,62,606,0
26,83,94,36,466,0
21,81,105,24,894,0
17,55,80,46,265,0
27,51,122,33,8,0
21,34,36,31,549,0
15,58,132,21,309,0
32,59,79,42,202,0
33,39,31,28,782,0
15,71,185,59,640,0
19,52,223,88,981,0
15,94,9,32,904,0
29,32,29,63,282,0
20,67,6,88,331,0
23,33,117,45,425,0
28,56,229,76,50,0
34,82,125,35,99,0
24,88,214,72,693,1
35,75,248,38,445,0
24,32,38,20,778,0
16,57,57,39,96,0
27,87,145,54,293,0
23,30,145,29,181,0
20,50,19,84,884,0
16,93,32,80,473,0
34,91,109,41,924,0
15,73,154,34,109,0
32,66,159,32,926,0
19,80,180,32,958,0
21,31,30,56,735,0
26,45,45,35,278,0
24,35,161,57,227,0
29,61,25,44,676,0
15,90,203,50,915,0
27,51,5,31,590,0
15,36,130,49,373,0
21,43,142,88,295,0
30,84,22,74,767,0
18,83,239,48,597,0
32,79,225,75,447,1
18,42,245,83,619,0
17,31,11,40,894,0
23,58,197,21,813,0
28,92,206,63,152,0
27,84,155,20,574,0
28,45,248,52,372,0
31,73,6,26,118,0
20,32,199,59,181,0
22,86,218,47,942,0
20,46,182,66,420,0
34,62,80,55,826,0
18,40,101,28,571,0
21,94,206,46,119,0
28,80,188,56,617,0
23,77,96,34,511,0
22,54,230,77,76,0
27,68,41,44,263,0
23,80,97,87,298,1
30,91,121,77,241,1
25,87,126,22,216,0
31,68,81,88,427,0
19,41,11,76,114,0
23,91,111,63,603,1
22,68,236,34,560,0
22,94,148,49,517,0
26,79,9,82,602,0
24,34,36,62,478,0
32,51,137,61,611,0
27,92,100,36,975,0
22,46,77,83,553,0
27,67,118,45,491,0
30,46,158,65,345,0
15,65,45,52,994,0
28,75,80,30,293,0
34,91,195,62,444,1
19,49,150,53,135,0
19,55,36,53,555,0
19,52,239,88,846,0
16,47,176,39,875,0
16,77,173,39,9,0
15,31,109,41,531,0
15,69,88,83,857,0
33,61,202,80,133,0
22,34,219,64,715,0
32,60,45,76,62,0
30,43,115,79,358,0
24,46,77,59,16,0
21,73,75,69,843,0
29,59,10,66,225,0
26,85,238,72,311,1
23,42,34,67,470,0
24,50,135,70,521,0
33,42,42,24,30,0
27,50,176,25,858,0
31,50,243,40,524,0
29,41,69,35,636,0
27,67,175,76,706,0
21,80,206,33,521,0
25,93,3,62,70,0
18,71,65,25,336,0
15,31,242,65,379,0
30,65,232,45,296,0
15,52,102,34,83,0
27,47,96,74,45,0
24,48,239,82,700,0
15,87,34,88,792,0
19,80,137,62,441,1
22,58,164,47,387,0
21,77,94,70,700,1
24,75,156,68,658,1
35,82,35,58,656,0
18,59,7,64,789,0
24,48,44,33,519,0
33,84,135,56,115,0
29,85,119,36,647,0
15,93,102,68,751,1
19,63,178,85,39,0
32,81,106,51,83,0
17,70,27,54,212,0
29,46,113,84,192,0
16,44,135,80,502,0
16,30,180,76,153,0
34,63,203,57,271,0
29,83,247,24,607,0
15,86,5,83,849,0
27,56,209,76,252,0
29,44,99,84,31,0
26,74,203,22,918,0
15,55,153,20,52,0
24,57,95,27,277,0
17,39,183,51,979,0
26,89,220,61,359,1
31,45,216,77,795,0
17,66,179,73,325,0
28,73,16,34,142,0
35,41,120,23,500,0
31,58,32,31,776,0
34,42,30,73,686,0
17,59,132,86,398,0
22,51,18,88,628,0
29,48,108,50,197,0
17,36,242,83,991,0
15,74,79,23,702,0
22,66,28,78,71,0
17,51,86,42,164,0
23,32,113,24,773,0
35,40,236,51,415,0
23,82,219,44,280,0
21,81,211,40,344,0
27,61,71,70,536,0
25,50,161,37,736,0
24,40,242,74,474,0
19,91,41,36,803,0
21,58,196,78,236,0
33,47,44,63,773,0
27,85,62,84,84,0
20,61,208,77,454,0
23,71,212,64,215,1
17,40,85,72,656,0
18,58,115,24,793,0
27,72,95,79,599,1
21,68,168,86,266,0
35,94,6,61,808,0
23,70,161,60,515,0
26,37,109,38,697,0
22,48,220,38,540,0
21,75,46,52,816,0
31,54,66,58,80,0
27,73,62,86,320,0
35,87,185,31,390,0
24,92,105,41,357,0
16,32,51,40,349,0
15,51,152,55,888,0
34,48,81,83,708,0
25,91,18,31,774,0
18,54,63,66,348,0
22,35,84,66,672,0
25,58,24,61,442,0
34,74,93,47,822,0
16,73,90,49,435,0
17,53,101,72,687,0
29,74,2,79,494,0
26,39,175,34,85,0
35,50,130,73,401,0
20,56,92,46,991,0
33,34,104,27,263,0
34,43,135,77,950,0
26,93,223,54,988,0
23,91,70,51,903,0
22,50,143,82,534,0
29,82,12,38,665,0
21,43,246,63,379,0
33,58,91,78,776,0
32,33,85,50,787,0
27,82,67,59,429,0
21,52,201,71,393,0
16,49,236,49,417,0
34,88,90,47,457,0
22,66,53,86,23,0
35,56,209,70,149,0
19,38,0,74,759,0
23,91,108,47,145,0
17,51,88,81,758,0
33,92,89,33,501,0
16,84,13,31,179,0
29,44,54,72,1,0
27,55,35,29,797,0
20,89,92,86,340,1
18,86,42,64,468,0
33,41,57,50,80,0
22,44,20,38,538,0
16,76,71,79,243,0
33,34,69,69,417,0
30,36,134,40,517,0
18,79,26,75,630,0
35,64,32,56,575,0
18,56,185,89,138,0
25,77,134,68,414,1
23,53,16,28,168,0
31,84,57,52,78,0
35,95,211,24,81,0
16,71,19,54,802,0
29,75,30,78,314,0
33,88,202,58,695,0
18,39,158,77,284,0
17,64,69,38,512,0
21,42,11,47,994,0
26,91,100,74,73,0
29,43,109,72,693,0
20,68,65,33,985,0
28,58,238,50,737,0
16,40,45,68,183,0
16,77,204,68,888,1
30,31,38,45,450,0
17,49,229,21,264,0
28,58,208,40,635,0
21,31,112,22,489,0
27,45,202,22,776,0
29,88,82,74,11,0
15,95,214,39,317,0
20,39,213,79,439,0
24,39,126,54,663,0
16,79,183,89,202,1
16,75,220,83,562,1
15,49,34,25,531,0
20,49,190,47,819,0
25,41,197,35,524,0
35,74,9,50,516,0
16,50,14,42,26,0
24,68,169,65,883,0
34,30,243,29,94,0
19,34,36,73,261,0
33,37,112,79,393,0
23,63,184,66,129,0
26,32,65,85,319,0
33,39,176,42,263,0
19,39,101,23,468,0
17,95,224,75,690,1
23,49,248,68,206,0
31,69,122,35,389,0
32,39,7,86,925,0
30,35,7,35,139,0
34,66,141,45,509,0
29,64,193,75,359,0
21,80,60,33,31,0
33,74,227,82,574,1
33,46,130,51,374,0
28,52,33,23,170,0
28,77,14,85,539,0
25,94,210,33,590,0
30,63,231,83,566,0
34,35,88,68,152,0
18,56,2,23,584,0
15,70,89,32,171,0
28,69,214,31,552,0
28,41,60,80,315,0
33,54,56,39,607,0
24,88,113,55,944,0
25,87,244,67,842,1
27,30,242,44,32,0
18,33,64,80,959,0
27,77,120,27,886,0
20,75,179,51,766,0
18,85,97,49,561,0
29,65,125,28,421,0
25,95,157,75,147,0
30,73,137,41,431,0
21,43,13,70,257,0
32,81,227,80,285,1
19,79,199,24,483,0
29,81,191,44,330,0
31,74,241,66,209,1
34,33,6,39,833,0
23,32,83,38,999,0
20,82,82,74,67,0
19,60,154,53,597,0
17,76,33,75,777,0
30,61,71,55,285,0
29,83,4,34,75,0
19,53,29,79,175,0
20,44,9,45,577,0
22,35,180,74,537,0
21,36,54,62,50,0
33,73,224,67,471,1
22,69,211,30,199,0
28,80,215,40,392,0
29,84,4,37,209,0
33,58,229,25,891,0
32,49,64,86,242,0
25,70,183,41,941,0
27,72,110,84,958,1
15,84,223,77,695,1
28,65,195,63,176,0
23,67,169,24,82,0
18,63,130,23,446,0
20,42,136,82,579,0
27,59,186,20,813,0
30,95,201,87,17,0
18,93,250,47,132,0
29,84,88,27,366,0
17,94,92,73,644,1
18,78,99,52,671,0
16,39,42,39,671,0
27,31,162,30,597,0
30,77,22,48,692,0
25,80,243,64,895,1
18,51,249,50,623,0
32,80,134,82,122,0
27,33,188,35,704,0
35,54,85,48,835,0
32,42,58,27,361,0
22,38,25,24,333,0
28,32,129,77,284,0
22,78,150,73,117,0
28,91,165,66,206,1
32,57,31,70,506,0
26,65,159,69,602,0
34,67,22,80,721,0
35,62,179,21,709,0
29,33,147,32,825,0
25,66,212,55,962,0
21,57,173,26,716,0
16,35,250,65,934,0
18,87,173,48,932,0
19,92,120,54,760,0
16,51,194,66,189,0
35,68,132,84,545,0
25,81,155,70,20,0
27,54,246,56,436,0
19,59,102,46,573,0
25,35,133,21,476,0
27,93,70,36,39,0
35,31,223,45,871,0
25,50,100,65,860,0
21,45,148,39,143,0
32,53,23,33,815,0
18,46,16,26,293,0
17,58,249,48,772,0
29,88,88,50,681,0
18,33,100,87,263,0
24,94,31,79,110,0
27,74,206,73,808,1
27,33,49,80,922,0
15,47,30,32,886,0
20,65,25,62,367,0
25,75,68,83,96,0
24,88,238,42,138,0
21,43,0,56,272,0
34,69,200,70,956,0
20,56,177,78,818,0
28,45,52,73,599,0
18,80,146,63,803,1
35,63,242,42,410,0
16,90,93,82,544,1
20,63,176,20,78,0
33,95,208,87,4,0
16,53,119,40,993,0
29,60,191,68,679,0
34,81,74,49,378,0
21,57,208,83,708,0
23,46,144,83,682,0
23,47,241,66,222,0
29,78,139,48,914,0
34,68,115,65,130,0
23,38,27,86,757,0
33,78,32,70,778,0
33,31,33,90,959,0
27,95,191,20,69,0
20,44,83,74,520,0
33,75,51,66,768,0
29,86,197,70,827,1
20,76,190,81,752,1
27,44,26,45,356,0
22,57,214,65,961,0
15,68,187,21,108,0
17,83,56,29,263,0
30,56,176,81,626,0
33,56,115,38,678,0
35,62,101,64,247,0
28,32,2,35,409,0
18,53,192,72,949,0
30,43,23,43,943,0
21,89,0,31,85,0
21,68,203,71,761,0
15,63,85,61,608,0
32,91,29,88,696,0
28,62,202,43,254,0
26,76,124,32,840,0
27,81,34,44,856,0
27,54,95,57,541,0
27,51,64,89,952,0
18,86,242,82,711,1
21,38,154,87,625,0
25,31,63,70,472,0
16,60,83,26,705,0
25,78,7,69,523,0
27,44,77,73,269,0
23,36,110,61,39,0
16,40,1,38,207,0
28,77,219,43,934,0
17,94,178,80,482,1
21,47,51,27,784,0
25,62,82,52,256,0
19,81,188,29,493,0
23,50,45,30,845,0
23,48,133,73,787,0
25,38,168,55,51,0
20,85,68,58,655,0
20,58,18,26,749,0
20,48,119,48,236,0
15,91,112,34,424,0
30,46,49,43,555,0
15,47,85,33,404,0
16,76,227,38,936,0
28,37,18,65,686,0
30,91,41,72,524,0
16,61,61,67,982,0
24,93,200,50,843,0
31,32,47,38,689,0
27,56,206,56,684,0
31,56,208,85,196,0
29,42,71,75,774,0
25,81,193,85,930,1
32,83,193,70,6,0
21,31,111,80,384,0
24,30,137,29,454,0
23,41,206,55,157,0
17,65,230,27,427,0
20,52,160,88,713,0
20,80,78,29,233,0
17,37,5,56,425,0
16,36,165,50,471,0
19,78,89,54,229,0
18,73,149,81,15,0
24,77,11,64,980,0
29,84,231,52,411,0
32,65,172,50,936,0
19,53,64,83,622,0
19,77,34,58,422,0
16,79,200,37,780,0
21,35,204,86,681,0
28,82,16,78,402,0
18,79,101,81,752,1
29,38,104,31,845,0
19,61,211,44,85,0
19,88,107,73,39,0
32,53,220,74,226,0
30,47,104,40,728,0
19,90,29,38,311,0
29,37,169,72,772,0
35,90,132,63,829,1
20,94,97,28,917,0
21,40,73,65,945,0
31,66,182,87,428,0
19,73,4,90,878,0
17,75,248,58,900,0
34,31,76,87,199,0
24,32,43,20,686,0
15,71,241,21,466,0
27,74,41,90,734,0
17,95,21,41,874,0
18,64,136,54,219,0
35,39,44,21,574,0
28,80,128,26,251,0
27,48,139,82,783,0
30,48,40,50,929,0
27,68,39,89,695,0
35,33,128,66,319,0
28,51,121,78,960,0
34,77,63,38,501,0
17,53,93,28,130,0
35,31,112,70,547,0
20,51,45,30,377,0
23,67,155,58,389,0
26,61,233,90,50,0
21,92,7,82,899,0
26,79,130,61,993,1
24,92,30,24,406,0
24,34,162,41,408,0
30,35,237,83,655,0
24,77,19,21,358,0
25,78,81,46,102,0
31,43,230,79,671,0
19,38,192,38,423,0
19,95,179,22,418,0
16,70,158,42,431,0
34,47,110,84,95,0
28,62,17,89,618,0
30,82,94,59,308,0
18,93,73,52,987,0
32,49,0,33,12,0
25,44,115,38,137,0
21,68,142,88,775,0
32,74,48,44,598,0
32,42,153,50,114,0
21,76,66,83,702,0
26,47,107,43,107,0
19,76,232,56,342,0
30,70,223,35,170,0
27,77,15,42,485,0
22,74,224,61,936,1
22,91,8,27,734,0
26,76,194,71,50,0
16,43,223,24,603,0
21,53,151,21,365,0
15,70,98,50,489,0
21,45,158,29,961,0
20,33,56,80,514,0
26,87,51,37,552,0
24,33,49,45,597,0
19,67,226,20,546,0
18,74,9,79,911,0
35,84,171,39,755,0
23,50,52,24,975,0
24,31,155,63,552,0
17,67,144,89,272,0
22,37,62,26,327,0
35,90,7,41,507,0
33,74,105,26,27,0
31,60,114,83,880,0
18,53,146,71,266,0
15,45,245,48,282,0
31,58,115,78,495,0
29,47,10,87,859,0
17,73,53,54,587,0
18,46,53,59,206,0
28,34,180,35,422,0
16,83,113,66,780,1
26,44,227,42,488,0
32,40,48,31,160,0
24,72,56,88,922,0
29,64,120,23,718,0
23,81,186,74,774,1
17,32,8,37,13,0
27,69,168,35,387,0
35,93,245,29,394,0
33,75,157,22,192,0
29,51,198,63,874,0
34,57,142,55,143,0
28,53,141,72,766,0
21,79,216,61,840,1
25,48,138,42,81,0
35,45,52,37,8,0
21,90,227,66,181,0
17,81,65,52,403,0
23,72,152,68,613,1
16,55,84,82,525,0
22,86,130,38,830,0
31,36,47,24,82,0
22,47,85,68,797,0
26,75,170,46,391,0
20,32,45,32,859,0
22,93,131,52,172,0
19,51,170,62,547,0
34,65,135,35,536,0
25,37,201,40,478,0
31,90,129,68,93,0
33,95,65,84,427,0
29,77,63,36,320,0
16,80,44,47,85,0
29,66,59,89,552,0
20,89,50,87,320,0
35,39,84,65,197,0
25,33,34,27,759,0
30,78,167,82,219,1
20,88,216,87,418,1
27,91,248,88,787,1
15,81,168,65,981,1
34,82,33,39,394,0
32,77,182,67,211,1
15,73,200,40,648,0
22,32,109,24,811,0
16,49,85,33,20,0
34,50,59,63,944,0
34,48,14,49,96,0
25,81,17,66,114,0
28,64,157,58,301,0
26,93,105,32,569,0
16,35,156,72,716,0
26,45,142,32,454,0
17,88,208,47,748,0
21,35,176,28,955,0
17,32,81,71,185,0
29,66,41,35,162,0
35,88,136,22,475,0
33,41,67,47,200,0
15,53,22,88,931,0
20,62,223,66,941,0
32,51,103,71,617,0
16,76,140,38,468,0
27,72,181,74,476,1
34,94,107,83,349,1
15,40,227,69,305,0
16,63,21,52,73,0
27,60,116,82,57,0
19,58,130,37,401,0
24,53,68,85,931,0
25,53,93,23,354,0
16,30,228,21,76,0
22,52,187,53,929,0
18,53,124,76,647,0
22,66,222,49,370,0
22,85,41,75,426,0
21,91,57,63,312,0
15,63,205,26,668,0
30,86,58,74,886,0
15,84,214,59,26,0
34,61,193,83,732,0
20,65,127,25,965,0
29,82,58,66,40,0
24,59,50,77,963,0
21,53,1,87,331,0
22,65,220,71,992,0
31,40,212,73,489,0
26,42,175,50,975,0
22,45,205,90,716,0
27,62,246,30,6,0
26,79,153,52,603,0
32,43,229,62,574,0
18,91,171,51,455,0
16,37,32,74,300,0
20,69,238,39,7,0
33,95,202,84,627,1
16,68,129,63,564,0
20,83,5,33,190,0
34,53,20,76,932,0
22,54,77,47,296,0
22,93,212,28,409,0
21,44,32,46,301,0
20,91,16,73,636,0
17,92,51,40,723,0
27,50,178,73,533,0
19,32,2,79,340,0
17,82,40,51,954,0
24,46,130,38,403,0
23,69,74,39,160,0
20,48,61,28,371,0
27,95,131,63,57,0
25,78,130,84,762,1
33,82,215,21,842,0
15,30,243,88,762,0
16,77,165,20,974,0
24,51,1,21,358,0
35,48,133,75,287,0
21,84,73,84,498,0
19,64,124,22,485,0
16,71,86,21,914,0
18,43,154,24,1000,0
15,85,115,23,822,0
23,43,86,64,985,0
25,72,39,83,617,0
28,89,39,54,149,0
18,87,76,78,524,0
22,49,29,26,752,0
29,88,34,55,473,0
27,40,139,67,283,0
25,93,62,39,455,0
25,75,124,60,378,0
19,94,63,61,415,0
21,56,58,68,788,0
16,81,197,41,321,0
34,61,246,57,46,0
19,44,228,43,771,0
18,37,79,39,729,0
15,32,229,89,852,0
33,78,37,50,897,0
22,37,35,24,746,0
20,47,123,67,563,0
15,81,45,50,627,0
19,73,188,88,205,1
23,53,157,78,852,0
34,67,195,20,442,0
34,91,171,51,86,0
29,72,245,29,689,0
27,44,233,25,907,0
35,46,155,47,562,0
28,60,238,20,189,0
21,37,64,22,424,0
21,33,218,85,586,0
31,81,226,59,965,0
20,56,157,72,886,0
30,58,41,65,193,0
29,30,172,88,622,0
35,49,32,62,898,0
31,39,136,58,123,0
30,32,142,21,114,0
27,61,4,35,583,0
23,42,242,25,902,0
17,93,0,89,807,0
34,34,157,50,388,0
25,73,13,45,449,0
17,74,197,74,599,1
34,36,92,87,444,0
20,61,45,50,719,0
29,57,181,62,985,0
15,92,141,88,124,0
26,48,68,81,118,0
24,45,183,30,127,0
19,63,202,86,869,0
28,77,204,86,558,1
24,66,64,49,25,0
18,46,29,75,811,0
19,92,78,43,49,0
23,87,181,50,788,0
27,62,76,43,791,0
30,77,78,67,739,0
23,34,143,69,201,0
28,56,165,72,945,0
26,93,105,59,968,0
18,92,107,28,428,0
26,80,7,78,83,0
24,39,101,86,270,0
29,55,199,69,198,0
35,65,182,55,767,0
24,89,180,54,728,0
29,95,63,34,621,0
35,76,219,21,125,0
24,35,90,47,648,0
28,38,196,84,24,0
33,54,161,21,301,0
30,33,95,48,724,0
17,84,67,79,710,0
26,44,236,49,511,0
32,47,93,28,979,0
30,74,167,66,673,1
26,33,188,51,125,0
30,94,165,57,212,0
15,85,51,67,818,0
34,67,178,88,465,0
24,76,200,55,514,0
29,32,228,23,811,0
32,38,203,85,446,0
27,53,197,55,134,0
33,69,24,77,570,0
20,93,123,32,33,0
15,45,157,64,730,0
30,65,112,63,68,0
27,86,239,31,573,0
15,57,211,77,73,0
27,62,51,68,941,0
29,64,68,55,722,0
17,45,164,84,649,0
15,59,189,41,257,0
34,34,176,26,381,0
17,77,143,70,16,0
22,86,160,81,876,1
26,59,115,50,601,0
23,41,144,67,819,0
26,64,238,35,314,0
16,94,60,57,730,0
19,90,12,23,427,0
27,51,69,34,473,0
30,93,47,67,145,0
27,55,125,36,102,0
30,60,88,76,807,0
24,56,17,79,99,0
28,44,175,26,855,0
16,51,189,60,317,0
16,62,231,87,989,0
35,54,91,90,849,0
22,51,174,88,936,0
25,38,56,77,677,0
17,41,183,46,165,0
34,51,173,80,356,0
31,83,177,67,226,1
16,79,127,20,276,0
22,65,1,65,451,0
24,93,79,29,47,0
17,78,42,75,549,0
30,68,223,57,542,0
30,50,157,56,256,0
15,62,140,43,524,0
30,33,38,46,731,0
30,87,140,42,326,0
28,42,105,44,217,0
27,76,72,59,669,0
18,58,52,88,220,0
17,95,69,64,367,0
16,77,19,20,775,0
17,34,205,22,349,0
17,64,164,36,856,0
20,75,167,58,592,0
34,88,147,37,675,0
33,49,187,47,835,0
27,57,81,24,825,0
29,55,96,24,247,0
35,78,212,36,315,0
16,61,99,85,909,0
17,89,214,70,430,1
18,76,170,79,433,1
15,49,227,71,232,0
35,63,106,40,212,0
16,82,41,85,293,0
17,58,105,58,525,0
17,60,77,49,248,0
31,49,53,87,549,0
23,73,212,76,927,1
25,49,243,80,533,0
23,69,164,67,267,0
35,43,220,28,645,0
19,90,185,39,435,0
29,69,80,49,922,0
32,60,178,30,90,0
35,38,48,29,10,0
33,58,213,74,675,0
18,44,243,37,266,0
16,73,97,38,379,0
30,91,135,60,970,0
20,63,26,60,117,0
35,31,117,41,384,0
22,76,231,43,760,0
32,61,11,39,583,0
18,55,131,48,815,0
27,77,151,57,600,0
20,93,129,41,820,0
22,89,203,84,626,1
25,83,190,63,208,1
33,64,204,55,727,0
18,39,164,77,847,0
32,67,162,87,24,0
24,50,149,76,459,0
34,75,170,22,416,0
23,34,10,87,19,0
25,59,31,74,311,0
30,95,33,51,930,0
17,36,149,43,47,0
31,41,103,45,328,0
31,32,146,47,19,0
31,42,49,57,907,0
21,64,105,52,346,0
22,79,32,60,321,0
31,81,188,32,29,0
27,50,82,75,168,0
23,30,61,74,561,0
34,75,148,20,980,0
31,60,238,81,166,0
22,65,144,32,394,0
26,80,247,72,563,1
35,60,1,62,605,0
28,93,233,21,872,0
30,87,67,90,774,0
34,44,22,48,51,0
17,54,8,21,871,0
22,85,22,56,567,0
21,91,80,21,265,0
23,95,93,45,97,0
19,86,225,75,665,1
19,68,76,65,81,0
19,75,131,80,262,1
16,30,22,88,356,0
19,83,53,36,549,0
19,39,225,49,607,0
16,62,186,75,483,0
24,58,95,21,395,0
28,81,4,68,347,0
17,53,79,63,900,0
27,55,149,86,87,0
30,76,144,77,207,1
18,41,46,34,352,0
19,84,119,61,453,1
19,86,231,52,396,0
23,41,163,44,23,0
31,31,144,86,770,0
30,32,26,29,361,0
17,66,109,35,855,0
17,34,191,81,728,0
34,61,217,57,129,0
16,64,38,52,993,0
23,93,132,58,601,0
22,63,41,26,704,0
30,55,193,71,204,0
34,94,71,58,177,0
35,79,245,88,284,1
20,58,182,53,295,0
21,68,69,86,810,0
16,76,92,84,459,1
17,56,50,40,283,0
19,49,207,72,570,0
27,80,166,44,283,0
21,72,22,23,981,0
20,60,15,82,216,0
28,95,45,40,874,0
32,64,24,46,251,0
23,86,105,53,429,0
33,51,154,26,805,0
18,94,103,63,130,0
22,53,27,40,997,0
27,46,163,31,151,0
29,57,103,78,629,0
16,55,14,44,153,0
18,42,50,58,929,0
26,48,135,87,490,0
20,41,235,48,573,0
32,48,74,86,66,0
15,71,98,47,158,0
26,94,24,42,835,0
30,80,109,73,879,1
20,91,194,85,871,1
30,77,49,86,665,0
26,44,115,68,293,0
35,77,86,77,439,1
18,77,131,52,683,0
28,39,90,57,299,0
31,50,178,54,356,0
23,46,23,60,893,0
28,72,119,62,327,1
31,62,69,45,557,0
28,74,143,87,792,1
27,68,242,48,233,0
35,42,10,25,996,0
15,43,62,89,960,0
26,64,164,34,369,0
23,32,160,56,779,0
26,45,190,24,709,0
16,69,86,86,386,0
32,45,222,68,477,0
27,57,118,65,160,0
21,46,26,25,508,0
32,73,238,35,897,0
17,60,54,52,154,0
32,84,111,43,937,0
26,84,81,78,8,0
16,62,86,30,674,0
29,72,235,31,401,0
22,66,219,55,383,0
27,55,121,48,344,0
23,47,88,60,890,0
24,50,92,42,41,0
33,89,220,44,725,0
29,83,231,41,634,0
16,70,57,30,571,0
25,59,172,75,964,0
22,56,243,89,843,0
32,52,127,44,271,0
29,61,17,78,147,0
27,43,232,21,480,0
25,53,75,44,749,0
30,76,133,84,359,1
17,82,73,68,902,0
15,38,160,38,236,0
28,87,184,82,912,1
17,49,72,81,970,0
19,84,237,64,225,1
18,52,212,62,733,0
21,46,49,56,411,0
25,61,241,74,850,0
30,90,6,55,569,0
17,75,46,83,480,0
32,69,109,23,292,0
19,51,124,70,818,0
16,76,60,72,323,0
29,38,235,44,21,0
32,94,232,89,861,1
29,41,226,37,751,0
30,54,191,35,453,0
21,35,68,45,956,0
17,33,146,70,293,0
35,41,112,28,316,0
20,88,51,26,318,0
33,47,99,25,438,0
31,57,230,35,231,0
33,40,164,73,488,0
28,87,59,35,724,0
28,40,201,31,667,0
22,39,203,88,576,0
31,61,51,82,878,0
18,39,249,58,569,0
33,68,212,59,870,0
21,69,134,59,383,0
34,78,239,58,638,0
35,44,176,29,179,0
26,82,157,66,492,1
35,81,129,25,257,0
26,52,215,33,509,0
31,79,204,53,194,0
32,83,170,62,770,1
21,60,36,70,192,0
15,81,52,79,441,0
20,50,188,83,857,0
25,93,139,72,830,1
26,47,209,33,595,0
22,32,149,30,286,0
18,86,71,66,22,0
16,60,58,74,684,0
26,48,93,26,848,0
19,72,244,88,918,1
34,73,226,74,427,1
31,47,79,30,224,0
19,30,124,73,749,0
18,42,215,27,620,0
25,41,45,61,322,0
26,44,189,61,531,0
16,87,126,51,670,0
26,74,66,73,895,0
31,48,159,41,781,0
34,84,159,46,237,0
28,54,110,37,383,0
15,78,208,88,373,1
15,52,163,23,472,0
23,36,183,90,24,0
30,58,74,71,969,0
29,46,92,80,634,0
26,42,214,34,880,0
23,39,150,69,522,0
31,51,26,56,102,0
29,78,124,78,637,1
34,92,140,45,831,0
25,54,63,60,675,0
21,34,247,44,816,0
22,42,213,85,606,0
18,54,204,61,423,0
26,64,230,83,807,0
30,91,57,21,757,0
23,32,59,83,25,0
24,38,55,75,674,0
18,89,15,47,453,0
28,92,90,51,592,0
15,40,2,32,280,0
34,40,165,73,924,0
22,66,21,32,91,0
31,39,218,23,179,0
25,34,189,58,144,0
29,49,224,77,814,0
17,30,13,86,533,0
21,34,75,26,97,0
20,45,230,52,515,0
27,63,3,77,903,0
18,33,116,58,271,0
17,69,102,58,523,0
16,47,123,32,610,0
29,61,90,72,601,0
22,57,72,90,378,0
21,72,181,67,915,1
28,80,201,61,104,0
17,39,147,72,696,0
34,84,89,44,531,0
24,71,245,30,640,0
31,77,72,44,683,0
28,33,154,25,105,0
23,50,178,54,872,0
17,78,78,69,946,0
19,78,181,77,92,0
28,32,214,21,869,0
31,39,35,40,566,0
21,83,248,45,921,0
16,63,4,44,429,0
16,77,137,80,476,1
19,65,101,77,876,0
31,71,189,69,19,0
15,47,113,56,256,0
29,35,163,71,269,0
31,66,1,46,133,0
31,30,20,22,351,0
29,37,9,21,498,0
16,92,144,78,793,1
18,33,177,27,644,0
35,83,205,70,802,1
28,38,133,58,801,0
35,77,202,31,461,0
21,68,146,49,446,0
21,48,174,49,610,0
30,74,50,43,244,0
17,74,80,67,118,0
28,73,33,46,2,0
24,44,171,58,382,0
26,54,33,62,14,0
24,64,144,44,635,0
17,88,26,61,249,0
15,57,99,33,631,0
23,46,197,56,427,0
27,79,105,32,386,0
33,54,144,80,536,0
31,91,18,73,839,0
24,75,204,60,813,0
21,35,30,43,282,0
30,69,70,28,291,0
20,95,38,24,883,0
27,73,123,33,652,0
33,87,219,78,916,1
19,52,162,69,200,0
27,89,59,65,767,0
33,83,96,47,346,0
28,30,237,34,290,0
23,35,119,80,191,0
21,69,23,31,436,0
16,45,71,76,613,0
31,33,112,66,348,0
23,60,228,70,419,0
18,91,123,55,627,0
25,95,175,79,439,1
34,68,244,45,651,0
21,78,174,79,215,1
31,30,37,72,10,0
21,67,140,60,978,0
32,34,218,46,863,0
28,89,157,36,861,0
35,46,197,29,999,0
17,76,31,55,375,0
22,64,75,52,283,0
32,56,136,49,286,0
25,60,152,59,616,0
17,37,103,26,460,0
15,65,109,62,119,0
26,63,59,25,58,0
22,80,6,63,503,0
35,63,244,63,118,0
26,76,184,41,728,0
25,81,99,72,219,1
24,71,5,90,723,0
34,83,50,58,135,0
15,66,75,45,17,0
21,73,44,49,603,0
15,77,191,63,737,1
24,35,221,32,10,0
32,65,159,68,619,0
29,73,41,69,266,0
15,91,96,25,80,0
25,71,193,41,173,0
22,81,28,68,721,0
18,83,14,79,563,0
17,33,41,34,142,0
31,45,99,71,604,0
19,45,60,73,406,0
18,54,218,74,260,0
29,62,130,31,289,0
34,53,213,33,942,0
16,60,67,77,907,0
29,59,159,37,109,0
21,52,66,38,54,0
30,44,31,27,598,0
29,79,191,26,641,0
19,57,70,47,899,0
30,72,219,45,95,0
27,69,191,22,673,0
19,53,90,88,232,0
35,44,198,85,351,0
27,65,176,51,417,0
31,44,142,24,115,0
31,64,135,34,307,0
34,47,53,45,274,0
35,74,15,81,135,0
34,56,56,26,736,0
19,82,233,29,117,0
26,65,204,39,337,0
34,54,217,61,461,0
19,43,206,21,724,0
35,40,115,76,606,0
21,41,98,79,714,0
15,95,97,46,219,0
24,51,237,71,534,0
22,76,99,78,668,1
30,35,191,62,140,0
15,59,210,57,663,0
22,51,3,26,478,0
17,74,237,52,21,0
17,37,249,38,627,0
19,61,62,46,351,0
30,39,113,67,28,0
29,44,187,45,707,0
19,95,81,90,451,1
19,84,24,44,46,0
24,55,57,35,684,0
16,80,194,74,938,1
22,81,103,83,100,0
35,74,128,85,357,1
23,61,89,29,714,0
28,56,243,24,20,0
22,55,191,77,806,0
31,68,12,23,19,0
28,75,100,67,374,1
15,40,146,43,154,0
19,41,237,23,492,0
33,95,118,54,319,0
34,94,198,37,213,0
15,55,83,38,660,0
17,63,246,59,954,0
21,61,94,29,299,0
33,45,242,71,290,0
33,42,5,88,170,0
21,95,56,51,817,0
33,62,167,90,196,0
17,68,197,82,608,0
35,62,169,60,421,0
21,55,18,55,376,0
19,73,86,63,878,1
17,45,93,58,732,0
21,42,161,44,653,0
30,65,202,83,754,0
31,83,210,41,491,0
20,82,75,83,526,0
35,80,84,47,12,0
22,42,211,57,262,0
33,87,228,56,858,0
34,34,71,37,466,0
25,48,226,46,795,0
24,81,163,27,432,0
31,45,17,46,486,0
32,45,188,73,349,0
18,63,134,77,484,0
23,90,34,53,70,0
28,61,17,45,452,0
22,74,12,75,832,0
26,90,236,87,522,1
34,65,88,76,493,0
18,57,81,60,202,0
32,89,121,55,727,0
23,46,36,30,925,0
18,80,169,20,597,0
29,66,174,42,706,0
30,31,95,24,637,0
31,58,152,52,553,0
18,84,35,56,831,0
19,60,197,21,727,0
19,35,104,43,413,0
28,88,50,48,465,0
17,77,157,63,891,1
19,46,231,50,727,0
29,95,85,90,631,1
30,30,154,54,828,0
33,79,161,31,277,0
22,66,45,57,774,0
17,51,27,23,511,0
22,59,133,52,1,0
29,64,127,69,953,0
21,80,200,83,118,0
22,39,167,52,228,0
24,35,232,58,903,0
17,80,150,83,482,1
19,83,178,41,167,0
23,42,25,36,837,0
27,95,47,88,835,0
28,56,164,25,767,0
26,75,223,49,118,0
15,71,23,51,976,0
22,72,104,88,149,0
18,86,75,47,875,0
30,45,184,63,181,0
23,93,127,88,759,1
18,48,21,54,674,0
29,60,58,68,568,0
29,34,127,20,645,0
15,79,182,88,477,1
15,39,144,67,403,0
16,42,75,27,88,0
16,64,31,74,874,0
26,39,199,50,109,0
21,94,19,40,231,0
19,93,195,33,830,0
18,94,168,72,835,1
35,41,49,41,375,0
23,79,150,26,915,0
32,43,196,58,552,0
32,71,79,88,929,0
24,32,143,50,507,0
19,62,14,26,807,0
29,81,53,52,405,0
22,31,65,38,512,0
15,76,100,89,62,0
18,39,215,55,339,0
26,51,104,73,720,0
30,52,235,76,475,0
23,39,59,63,22,0
26,69,93,38,271,0
28,81,124,43,192,0
35,69,250,33,20,0
33,93,34,63,305,0
17,41,39,85,133,0
26,60,236,52,70,0
32,47,195,24,240,0
32,44,123,21,965,0
31,39,225,83,540,0
28,39,4,20,146,0
33,56,144,54,962,0
16,79,141,58,360,0
35,72,27,44,796,0
28,37,24,62,364,0
20,95,3,33,842,0
30,60,104,62,480,0
17,64,76,73,297,0
18,44,25,82,63,0
19,47,107,26,498,0
30,40,98,75,683,0
21,67,25,88,517,0
32,90,218,24,827,0
15,79,155,80,538,1
25,38,139,34,293,0
32,35,46,86,803,0
26,74,174,58,83,0
29,79,43,67,28,0
35,50,242,78,882,0
25,57,125,71,685,0
24,59,166,28,659,0
33,46,78,29,407,0
15,85,7,33,491,0
23,32,58,25,905,0
29,50,119,83,372,0
29,52,197,43,728,0
15,67,136,74,734,0
27,62,65,28,244,0
27,77,203,80,545,1
18,77,117,84,339,1
18,86,250,64,218,1
18,60,128,79,617,0
31,68,160,58,658,0
28,31,184,63,452,0
21,92,15,63,732,0
28,94,4,45,234,0
20,35,176,44,260,0
33,72,144,33,563,0
33,32,184,73,830,0
25,92,231,72,194,0
20,34,145,68,731,0
23,85,73,72,530,0
18,85,59,55,573,0
18,49,39,85,8,0
22,40,51,90,696,0
18,94,147,23,349,0
34,76,236,55,964,0
23,91,78,55,400,0
25,61,126,51,3,0
28,60,144,73,10,0
17,32,107,54,539,0
34,38,7,68,92,0
17,55,155,60,708,0
22,73,242,44,795,0
23,55,54,62,555,0
26,59,58,87,464,0
25,91,239,36,415,0
30,53,25,32,163,0
26,70,157,58,527,0
22,56,37,39,746,0
20,46,202,57,166,0
21,88,39,46,814,0
15,43,28,87,107,0
24,84,155,88,11,0
32,43,236,78,564,0
18,31,49,69,246,0
28,46,199,44,912,0
34,47,143,26,94,0
24,84,25,26,654,0
34,78,194,79,718,1
29,66,48,71,323,0
22,75,234,32,213,0
21,49,137,69,143,0
35,71,9,31,498,0
20,47,95,47,206,0
35,44,51,41,909,0
22,89,216,34,737,0
27,88,161,26,667,0
28,75,5,30,3,0
33,59,110,74,356,0
33,68,144,56,395,0
35,70,104,62,215,0
19,56,189,35,849,0
22,48,14,34,810,0
26,68,163,70,846,0
34,45,162,57,714,0
22,47,15,30,258,0
21,40,154,62,95,0
24,66,10,42,507,0
15,46,146,51,760,0
29,40,144,52,30,0
28,39,180,33,620,0
20,49,33,64,514,0
30,39,142,35,876,0
25,84,109,81,806,1
22,42,106,58,501,0
19,94,248,22,815,0
28,65,38,49,887,0
16,91,106,48,729,0
15,40,58,84,700,0
22,75,209,78,817,1
35,77,104,23,770,0
26,82,228,82,4,0
27,40,215,70,392,0
20,44,91,53,849,0
22,34,23,62,770,0
20,75,180,37,795,0
26,79,88,82,695,1
30,78,39,87,557,0
34,67,157,62,371,0
29,66,171,33,143,0
32,30,168,50,770,0
29,95,245,35,130,0
16,77,175,56,261,0
28,84,80,80,473,0
33,75,108,40,116,0
21,57,11,55,769,0
15,32,246,30,972,0
17,39,52,45,655,0
27,52,104,40,280,0
32,56,48,79,192,0
28,42,104,37,403,0
21,57,52,53,984,0
21,56,176,70,324,0
17,66,203,23,512,0
35,30,171,82,806,0
34,82,4,70,465,0
16,51,95,37,226,0
23,72,62,65,573,0
25,41,23,40,284,0
21,40,3,41,234,0
26,53,111,29,257,0
33,55,182,70,304,0
24,60,116,88,351,0
15,40,174,82,307,0
20,67,17,54,84,0
21,33,56,65,852,0
17,55,241,30,53,0
27,39,110,81,466,0
20,88,6,39,53,0
23,30,229,64,859,0
32,61,187,21,556,0
29,61,233,77,652,0
23,34,97,69,84,0
25,88,58,23,522,0
34,95,2,20,359,0
32,31,96,51,511,0
31,72,52,60,692,0
33,48,43,27,853,0
26,34,9,26,709,0
35,76,124,49,44,0
20,43,75,35,100,0
28,91,225,51,45,0
23,84,54,39,678,0
21,84,193,40,370,0
34,46,121,81,646,0
28,41,55,85,98,0
20,70,104,53,116,0
18,84,158,46,898,0
28,67,144,21,284,0
23,74,181,29,837,0
17,94,15,48,985,0
32,95,179,42,856,0
17,30,243,37,455,0
30,91,180,64,632,1
21,30,26,62,878,0
24,41,118,30,394,0
18,60,211,64,427,0
32,82,137,48,452,0
30,39,167,26,350,0
22,32,111,49,475,0
18,48,23,69,859,0
21,76,155,52,645,0
33,78,211,61,446,1
28,62,145,26,483,0
28,89,168,34,310,0
33,73,123,52,116,0
34,40,243,22,62,0
30,79,249,87,939,1
18,54,94,82,671,0
35,67,146,62,149,0
17,95,156,30,763,0
18,65,116,53,36,0
25,84,106,24,570,0
35,91,171,28,385,0
35,71,157,57,171,0
21,76,227,81,85,0
33,33,84,82,110,0
35,84,166,36,198,0
31,93,174,30,490,0
21,42,156,54,932,0
34,59,93,67,19,0
17,37,61,47,527,0
28,50,75,90,892,0
19,54,105,38,915,0
22,69,217,20,137,0
28,68,232,50,627,0
34,55,199,78,498,0
24,33,71,36,983,0
16,71,183,37,8,0
15,66,125,70,482,0
33,63,10,39,507,0
31,75,112,85,39,0
32,70,94,61,61,0
19,52,28,80,968,0
22,47,136,88,246,0
30,36,129,61,779,0
27,31,101,21,421,0
30,39,105,32,756,0
20,79,100,74,754,1
35,51,221,76,691,0
17,83,69,32,902,0
15,48,142,71,921,0
16,67,157,67,458,0
21,71,129,62,970,1
27,92,107,46,770,0
32,63,95,33,592,0
35,88,169,47,689,0
23,53,234,35,584,0
34,46,64,47,278,0
21,87,213,63,35,0
27,91,60,29,178,0
20,50,193,80,458,0
22,44,189,44,929,0
16,50,151,34,592,0
19,73,51,73,465,0
19,51,51,72,736,0
22,42,72,61,947,0
15,74,66,45,941,0
23,82,216,25,772,0
18,68,239,78,407,0
19,93,177,49,975,0
35,32,131,70,149,0
18,68,135,36,659,0
32,43,175,73,999,0
29,53,79,35,102,0
18,49,124,50,788,0
25,43,13,27,142,0
21,82,31,40,721,0
24,63,203,73,452,0
25,93,53,84,797,0
30,37,30,90,487,0
15,39,191,44,529,0
28,88,228,29,319,0
33,39,215,20,727,0
18,40,195,56,139,0
15,32,51,38,994,0
32,71,232,83,87,0
35,32,108,55,749,0
18,57,175,83,987,0
27,72,194,39,247,0
33,86,79,64,506,0
31,94,145,89,283,1
25,50,112,26,149,0
35,49,218,59,245,0
25,32,107,58,306,0
17,32,199,31,980,0
34,56,78,50,21,0
23,61,58,42,614,0
31,32,135,69,347,0
32,74,208,59,818,0
33,60,191,26,3,0
25,34,183,28,850,0
28,45,140,48,303,0
26,40,121,82,375,0
33,31,154,84,774,0
26,55,104,23,18,0
17,84,231,43,938,0
25,60,10,57,330,0
22,81,150,25,906,0
22,37,238,32,278,0
22,47,65,40,707,0
35,57,69,64,226,0
22,80,70,31,741,0
19,36,190,47,605,0
33,38,193,74,245,0
18,31,229,65,579,0
27,95,247,74,846,1
30,82,185,76,0,0
18,52,152,66,721,0
25,87,243,67,73,0
21,52,118,75,772,0
32,58,104,24,86,0
16,79,167,32,466,0
16,74,227,85,291,1
22,71,1,56,329,0
19,32,69,48,327,0
33,67,155,75,242,0
23,57,192,43,213,0
16,68,132,20,685,0
18,62,29,50,943,0
17,54,216,29,993,0
28,68,129,31,80,0
28,60,133,57,535,0
16,63,205,55,129,0
35,75,212,85,765,1
25,43,44,35,146,0
30,66,103,64,257,0
32,54,248,71,936,0
18,33,117,82,961,0
32,74,10,30,462,0
29,33,157,72,922,0
21,94,16,85,944,0
27,43,208,20,400,0
35,50,223,78,324,0
17,46,108,40,944,0
27,84,7,37,624,0
25,61,160,83,38,0
23,47,216,27,749,0
34,66,33,78,881,0
16,51,13,25,5,0
28,49,55,23,621,0
24,91,153,40,349,0
35,37,137,78,163,0
33,34,189,24,84,0
21,40,90,46,974,0
24,73,55,67,47,0
34,90,20,32,251,0
32,77,19,80,745,0
30,40,122,55,273,0
20,40,169,21,45,0
16,59,72,59,922,0
27,50,193,41,712,0
18,80,231,81,301,1
34,35,177,59,340,0
31,33,213,71,119,0
33,94,153,41,436,0
34,80,79,57,107,0
28,61,215,63,102,0
16,87,58,87,483,0
28,70,124,66,66,0
35,42,70,55,740,0
15,82,94,47,286,0
25,69,84,77,539,0
28,47,191,64,793,0
16,65,1,87,179,0
33,48,82,72,209,0
31,87,131,48,750,0
29,45,5,51,855,0
21,47,233,64,156,0
22,35,72,28,843,0
30,95,78,34,337,0
22,54,124,82,443,0
27,66,130,70,796,0
23,30,123,84,134,0
18,55,65,52,514,0
26,40,231,45,722,0
30,30,39,69,857,0
20,50,123,20,798,0
34,55,44,28,243,0
22,82,183,86,928,1
21,68,239,68,941,0
20,92,223,46,537,0
18,65,53,73,872,0
26,66,240,69,330,0
34,71,91,61,619,1
30,92,1,68,184,0
24,35,228,50,819,0
22,75,212,66,899,1
28,80,246,30,743,0
27,73,133,77,939,1
32,55,132,36,548,0
27,92,75,22,126,0
30,60,13,30,14,0
19,86,158,35,415,0
30,40,101,31,732,0
32,72,166,77,594,1
18,49,45,72,576,0
35,52,199,34,673,0
22,66,212,20,927,0
27,95,102,43,935,0
23,89,192,53,596,0
31,56,94,36,683,0
22,51,126,20,326,0
23,78,205,63,134,0
17,41,36,75,961,0
17,45,197,69,196,0
26,69,149,31,670,0
17,57,9,84,223,0
25,60,209,50,294,0
26,34,25,37,164,0
31,73,190,73,126,0
27,38,236,34,254,0
33,31,184,21,628,0
29,70,11,24,801,0
19,46,222,62,440,0
17,70,197,42,604,0
29,91,230,77,648,1
20,72,218,43,92,0
26,75,240,56,893,0
22,47,49,32,443,0
31,72,155,64,839,1
20,63,7,60,964,0
34,75,76,81,389,0
29,32,21,73,385,0
15,43,204,46,889,0
25,37,10,67,326,0
18,68,230,83,762,0
22,65,213,66,178,0
28,71,203,70,106,0
32,46,114,35,847,0
28,53,43,66,50,0
21,91,246,51,555,0
16,75,28,83,360,0
15,30,3,60,873,0
30,82,194,37,793,0
18,82,226,87,96,0
27,74,17,59,726,0
33,75,57,47,639,0
31,42,47,65,947,0
32,41,53,61,527,0
29,81,220,62,274,1
25,51,34,82,898,0
32,85,136,82,63,0
30,58,39,61,353,0
25,68,81,76,226,0
20,67,80,60,296,0
23,32,234,25,341,0
22,82,230,24,475,0
16,47,88,77,306,0
21,64,213,26,279,0
15,70,198,42,225,0
16,93,233,41,239,0
29,30,102,39,770,0
19,63,48,37,723,0
34,71,24,60,13,0
21,65,198,45,604,0
34,47,244,63,471,0
26,77,58,35,836,0
29,72,17,51,329,0
22,39,239,78,397,0
32,74,176,27,182,0
33,69,205,82,155,0
30,74,31,76,964,0
27,75,183,45,459,0
22,69,234,50,798,0
19,80,152,57,640,0
24,60,158,56,19,0
31,58,76,44,146,0
19,58,41,56,678,0
20,48,107,35,510,0
19,76,86,48,179,0
35,82,139,55,144,0
17,79,31,72,99,0
18,78,249,84,235,1
32,81,181,55,668,0
29,30,11,81,273,0
30,58,241,42,475,0
18,67,125,71,631,0
31,59,223,57,147,0
25,48,242,59,356,0
28,65,77,57,397,0
28,81,7,23,203,0
25,59,57,47,627,0
34,70,75,34,36,0
35,63,55,80,608,0
30,34,241,46,783,0
23,85,109,29,607,0
17,61,144,24,521,0
17,94,144,33,314,0
32,44,180,42,199,0
29,87,91,70,627,1
18,35,205,57,118,0
30,50,26,35,606,0
27,91,53,36,923,0
22,56,156,76,851,0
29,45,132,60,89,0
25,76,118,84,849,1
17,35,238,88,650,0
19,45,160,34,357,0
23,94,161,49,641,0
21,66,90,20,702,0
28,61,122,74,512,0
32,91,16,55,891,0
16,87,168,64,900,1
18,34,193,51,230,0
35,42,114,32,604,0
24,67,90,63,362,0
35,44,145,28,662,0
29,82,21,49,357,0
24,82,32,72,925,0
30,95,106,46,622,0
23,51,96,79,833,0
20,51,242,86,491,0
20,34,48,47,124,0
19,31,236,24,834,0
19,57,97,34,952,0
23,36,127,34,279,0
23,65,110,23,944,0
33,39,166,25,716,0
34,85,186,44,173,0
17,65,37,61,707,0
33,89,184,61,682,1
15,41,115,90,167,0
25,79,232,78,144,0
25,71,65,88,164,0
26,65,71,54,79,0
32,36,81,32,738,0
33,44,240,71,392,0
31,75,239,80,216,1
27,42,243,59,41,0
34,52,90,83,570,0
20,60,124,71,559,0
34,92,197,42,198,0
19,92,52,89,418,0
31,69,233,35,118,0
27,81,155,55,638,0
34,30,185,90,622,0
30,86,187,59,488,0
21,57,7,73,542,0
29,55,34,49,701,0
16,89,23,45,661,0
22,48,96,90,926,0
35,86,76,21,669,0
15,58,127,25,122,0
24,58,179,69,384,0
23,48,88,63,186,0
29,90,7,56,426,0
29,69,1,88,844,0
27,48,65,87,286,0
24,72,73,43,713,0
31,93,77,50,684,0
34,72,75,49,607,0
15,86,233,37,742,0
23,82,96,45,572,0
31,54,189,75,274,0
29,76,154,22,39,0
20,54,179,46,904,0
28,84,51,40,7,0
31,82,94,23,14,0
35,36,20,66,456,0
23,34,164,71,989,0
18,31,161,64,755,0
25,65,182,68,111,0
31,86,106,63,393,1
21,56,18,90,966,0
20,71,225,38,363,0
31,85,153,54,661,0
16,55,81,89,278,0
31,80,133,60,903,0
21,53,207,56,770,0
20,71,246,34,556,0
23,94,22,86,953,0
27,91,143,81,804,1
31,47,22,52,907,0
20,65,37,54,840,0
23,65,164,33,505,0
19,78,85,81,101,0
24,82,234,90,864,1
30,36,4,23,395,0
27,91,147,41,465,0
15,78,59,27,566,0
25,67,51,69,20,0
27,78,191,69,308,1
25,70,170,87,480,0
27,95,43,30,76,0
15,85,231,80,198,0
22,79,206,40,560,0
29,51,192,55,200,0
23,33,99,25,799,0
31,36,11,31,866,0
15,58,38,45,523,0
15,50,201,38,41,0
30,36,19,47,307,0
19,31,63,29,380,0
35,32,227,70,759,0
30,34,210,22,918,0
20,50,247,20,384,0
16,64,27,82,108,0
26,93,14,49,363,0
25,82,244,54,462,0
35,30,147,28,757,0
21,41,76,59,447,0
30,86,168,46,614,0
28,73,103,70,927,1
22,66,78,77,185,0
34,47,130,52,616,0
25,64,139,23,6,0
21,92,40,57,213,0
33,91,193,88,614,1
19,50,34,61,436,0
15,77,160,54,59,0
26,83,23,59,342,0
28,78,221,74,575,1
23,92,167,71,705,1
28,34,99,45,590,0
31,80,120,83,826,1
17,39,48,24,2,0
20,78,100,62,670,1
18,59,179,38,387,0
15,70,55,66,722,0
33,49,241,58,418,0
18,71,144,90,10,0
23,53,206,28,584,0
21,70,214,57,594,0
16,86,122,88,949,1
27,88,54,88,486,0
15,84,86,52,535,0
33,32,231,56,811,0
21,33,69,49,495,0
17,95,96,47,129,0
15,65,211,34,641,0
29,95,95,55,203,0
34,94,143,74,372,1
19,80,168,34,509,0
35,46,68,44,905,0
16,44,137,31,455,0
26,54,6,51,106,0
24,52,108,86,31,0
15,61,104,46,914,0
29,35,196,65,572,0
20,87,158,87,3,0
25,77,9,82,174,0
20,78,124,75,517,1
17,73,163,62,813,1
28,72,112,82,535,1
17,71,49,20,584,0
27,78,241,52,935,0
22,60,243,72,160,0
16,48,206,55,225,0
32,65,23,38,646,0
16,37,78,61,138,0
17,66,41,83,965,0
30,66,223,41,122,0
31,90,31,39,915,0
32,39,239,21,20,0
26,41,72,52,704,0
22,45,24,34,774,0
27,40,100,22,62,0
28,85,127,51,817,0
30,41,134,45,933,0
30,59,166,55,357,0
19,32,151,29,926,0
28,87,72,87,738,0
24,33,139,31,323,0
31,94,132,40,227,0
16,78,187,33,154,0
19,61,147,66,760,0
33,61,0,89,991,0
32,63,186,75,943,0
24,45,190,36,182,0
20,63,78,76,104,0
24,87,36,61,852,0
23,66,4,78,752,0
26,69,84,33,611,0
18,66,7,88,510,0
33,84,47,55,838,0
32,58,117,45,758,0
15,49,197,69,657,0
20,68,217,63,23,0
25,68,153,53,766,0
17,87,33,32,943,0
25,36,33,72,108,0
27,52,138,40,899,0
15,71,109,71,305,1
32,85,168,37,36,0
26,64,36,66,659,0
34,63,75,32,522,0
32,38,97,23,902,0
17,40,238,49,607,0
22,37,13,50,674,0
32,60,49,71,204,0
17,42,185,34,457,0
23,51,238,22,825,0
35,78,233,81,773,1
26,73,207,57,420,0
27,50,170,29,204,0
31,42,26,33,53,0
27,30,175,53,697,0
31,82,85,57,124,0
22,41,59,23,71,0
20,81,160,77,617,1
16,46,44,57,556,0
19,68,194,46,523,0
15,40,44,72,97,0
31,92,60,25,277,0
25,41,159,52,402,0
27,40,144,77,362,0
29,77,228,68,58,0
32,77,239,46,608,0
19,77,239,25,258,0
23,63,2,67,296,0
30,80,103,36,956,0
27,95,103,47,819,0
29,35,188,72,315,0
15,83,157,27,539,0
29,46,161,85,538,0
31,34,110,48,454,0
35,53,25,76,431,0
33,55,187,28,829,0
18,37,180,78,711,0
30,62,79,49,274,0
19,86,35,33,955,0
22,54,33,33,219,0
27,84,149,24,505,0
31,90,191,40,967,0
34,95,208,43,335,0
31,72,1,29,650,0
18,71,63,69,22,0
31,76,86,35,702,0
28,31,146,35,821,0
18,64,163,85,6,0
16,87,55,51,403,0
21,48,184,49,38,0
29,85,24,53,826,0
28,35,72,66,819,0
22,64,104,36,493,0
15,85,157,74,974,1
21,68,117,35,762,0
15,37,198,83,994,0
30,34,92,48,808,0
20,38,26,87,48,0
28,63,231,42,477,0
30,71,164,69,456,1
34,37,235,45,848,0
27,53,135,37,561,0
26,30,179,30,61,0
15,44,177,28,604,0
19,68,195,59,704,0
18,57,59,55,499,0
24,74,207,33,773,0
16,35,164,43,847,0
32,94,116,86,135,0
32,66,5,83,976,0
24,33,135,61,770,0
24,52,137,40,894,0
30,80,33,89,361,0
18,88,63,55,364,0
26,50,167,40,608,0
18,91,133,24,700,0
16,50,187,66,581,0
26,94,171,74,403,1
18,49,146,53,161,0
26,88,29,48,728,0
19,51,168,56,66,0
35,47,170,85,35,0
20,72,239,59,196,0
18,89,113,32,143,0
24,49,194,24,869,0
22,46,93,30,623,0
32,93,203,87,736,1
26,56,75,54,918,0
18,67,98,85,896,0
31,53,191,61,457,0
17,86,201,27,794,0
22,44,142,75,503,0
18,90,90,74,779,1
35,91,191,21,364,0
33,75,119,70,682,1
26,30,106,27,95,0
32,86,88,59,701,0
29,49,25,62,42,0
31,86,77,38,700,0
34,63,146,52,691,0
30,79,119,30,10,0
32,50,5,34,297,0
18,85,245,58,590,0
27,33,223,67,872,0
27,77,80,33,467,0
32,94,183,69,662,1
27,94,219,38,155,0
19,43,198,80,500,0
24,83,55,90,591,0
31,68,10,49,81,0
31,63,234,22,565,0
27,83,24,33,733,0
15,77,133,57,453,0
35,45,112,80,428,0
27,69,218,29,729,0
34,51,168,50,607,0
16,48,224,46,167,0
18,33,211,20,698,0
34,59,21,69,426,0
23,36,70,89,333,0
25,60,49,32,600,0
20,86,137,23,560,0
34,76,92,37,872,0
22,52,126,74,246,0
28,42,123,25,944,0
29,69,194,37,149,0
18,33,56,33,757,0
19,32,203,70,914,0
31,73,193,63,738,1
34,60,20,55,898,0
22,82,51,63,19,0
19,73,158,22,448,0
33,77,163,74,497,1
30,71,12,27,894,0
33,38,228,67,879,0
20,46,138,78,227,0
17,45,187,75,350,0
29,32,165,81,990,0
23,84,78,70,96,0
16,42,150,26,809,0
29,81,83,27,589,0
21,82,144,34,24,0
19,31,13,60,353,0
34,45,158,41,647,0
21,71,197,62,202,1
24,38,96,74,84,0
26,49,166,60,531,0
25,80,47,65,699,0
32,30,51,81,772,0
33,30,247,49,433,0
20,73,186,55,715,0
31,31,41,26,632,0
18,60,167,72,381,0
28,41,193,71,844,0
15,73,87,38,48,0
26,70,117,53,915,0
28,56,98,75,854,0
31,74,84,65,433,1
29,87,96,42,136,0
22,69,38,22,494,0
35,87,243,60,132,0
28,62,188,48,467,0
22,30,91,74,186,0
33,75,68,35,355,0
24,38,160,87,719,0
22,80,136,41,803,0
20,74,30,48,869,0
21,86,221,41,818,0
19,95,44,46,489,0
18,74,212,37,395,0
35,52,32,60,474,0
29,33,72,73,571,0
27,47,190,36,599,0
27,43,60,24,805,0
27,67,11,68,66,0
31,64,56,60,414,0
28,45,8,42,499,0
23,34,162,33,120,0
31,79,151,45,248,0
35,92,132,31,522,0
19,89,98,34,805,0
15,49,218,35,948,0
24,75,94,21,109,0
15,76,108,39,272,0
18,34,142,28,124,0
34,50,146,23,246,0
20,67,56,69,59,0
17,86,205,68,186,0
34,62,49,34,434,0
17,33,216,59,511,0
16,70,143,72,843,0
25,33,55,75,853,0
34,62,208,45,309,0
26,76,100,80,199,0
26,68,50,46,581,0
15,80,141,82,834,1
34,73,238,23,162,0
19,80,137,36,793,0
23,46,151,32,332,0
31,46,20,81,477,0
33,61,227,36,840,0
32,66,20,32,864,0
22,57,176,77,152,0
22,34,74,52,970,0
27,60,100,76,761,0
23,89,62,53,418,0
22,75,229,90,631,1
20,87,109,78,498,1
18,37,188,47,898,0
24,64,156,48,320,0
23,31,178,42,442,0
22,62,4,33,546,0
33,30,100,59,648,0
21,71,178,33,526,0
21,79,188,86,618,1
27,87,150,61,306,1
28,30,23,20,86,0
32,94,184,27,834,0
27,63,18,40,502,0
23,42,43,89,97,0
32,40,224,79,925,0
18,34,221,85,817,0
19,70,124,73,649,0
18,90,76,76,58,0
32,46,15,70,572,0
33,36,203,56,138,0
25,63,64,42,276,0
15,34,238,70,621,0
26,91,198,55,232,0
24,87,67,33,243,0
19,54,95,81,341,0
26,95,141,37,437,0
33,79,66,72,215,0
17,38,40,54,517,0
19,38,109,89,994,0
34,47,208,24,975,0
25,60,174,84,64,0
34,80,15,31,774,0
28,84,78,51,611,0
20,65,236,54,213,0
21,90,174,68,48,0
20,72,202,56,1000,0
26,45,219,73,921,0
15,40,171,54,452,0
26,94,22,48,458,0
22,80,101,44,521,0
28,89,21,77,167,0
19,86,127,68,213,1
35,35,61,53,129,0
35,66,102,57,576,0
23,51,1,49,941,0
26,58,95,21,75,0
23,73,106,46,428,0
19,43,154,63,153,0
34,61,28,89,317,0
15,62,78,34,758,0
28,95,47,68,500,0
20,93,167,33,106,0
28,90,104,58,666,0
25,33,131,83,300,0
34,55,152,64,745,0
23,81,222,65,726,1
17,40,194,39,807,0
22,72,135,74,227,1
18,68,12,55,400,0
26,44,157,34,97,0
17,85,125,87,721,1
24,72,51,34,48,0
34,46,235,73,792,0
35,95,4,89,987,0
31,58,130,27,448,0
19,88,215,57,446,0
24,69,204,63,105,0
25,58,47,50,423,0
21,38,144,27,279,0
29,55,72,52,944,0
24,47,144,45,933,0
17,43,23,39,501,0
29,47,1,79,52,0
34,69,159,75,884,0
25,84,192,34,162,0
30,80,45,72,840,0
33,63,228,50,754,0
25,78,86,76,182,0
33,69,141,64,21,0
23,73,8,42,154,0
21,42,245,79,928,0
31,67,193,65,503,0
26,93,143,51,771,0
32,48,23,76,739,0
31,37,237,80,974,0
16,39,110,42,152,0
28,40,212,21,374,0
26,65,22,24,849,0
28,59,24,85,782,0
33,59,30,90,340,0
15,61,242,50,784,0
21,87,56,21,836,0
34,52,242,31,468,0
31,90,97,72,835,1
27,92,163,46,401,0
16,40,1,32,729,0
35,85,243,63,916,1
21,89,227,53,332,0
32,90,56,66,8,0
17,75,13,20,738,0
34,50,131,74,286,0
25,35,151,58,220,0
24,94,35,62,145,0
28,66,12,87,850,0
31,76,146,32,721,0
23,44,212,51,594,0
34,40,163,57,201,0
27,53,16,47,302,0
33,33,126,45,342,0
32,39,59,62,237,0
26,63,213,25,507,0
29,80,20,77,527,0
32,59,49,20,566,0
31,57,220,31,225,0
26,76,69,71,133,0
30,76,12,45,774,0
23,50,153,51,318,0
30,90,26,68,945,0
19,35,152,83,605,0
18,90,125,78,251,1
23,41,98,58,176,0
33,81,179,68,371,1
22,60,8,26,117,0
19,78,95,25,560,0
25,58,130,31,968,0
16,73,60,71,546,0
15,35,159,34,657,0
17,52,158,20,173,0
15,92,146,31,453,0
28,59,201,43,183,0
19,48,3,23,480,0
30,79,19,53,728,0
24,66,41,85,535,0
19,30,84,38,43,0
30,30,231,60,933,0
18,58,25,44,581,0
18,58,179,58,755,0
25,43,11,72,991,0
31,36,61,58,706,0
18,75,158,23,413,0
35,43,93,42,246,0
33,40,121,76,788,0
24,54,112,89,368,0
15,87,177,86,983,1
33,75,43,28,717,0
31,49,206,37,717,0
32,47,167,65,305,0
33,45,172,67,826,0
27,45,63,21,221,0
24,42,157,59,103,0
20,94,76,24,681,0
28,71,220,35,232,0
35,70,85,58,832,0
19,85,238,60,18,0
16,87,76,76,596,0
29,53,194,50,544,0
28,49,65,23,954,0
27,59,35,76,86,0
24,52,213,88,859,0
21,38,9,36,977,0
22,88,114,74,942,1
34,76,72,26,557,0
30,67,26,90,569,0
32,58,45,62,34,0
16,93,13,50,589,0
27,42,247,27,739,0
32,81,174,71,587,1
25,36,80,83,217,0
16,56,37,76,333,0
24,93,83,22,217,0
32,38,111,89,242,0
22,95,37,26,961,0
29,63,151,25,67,0
19,40,103,67,635,0
31,70,128,51,154,0
19,94,192,34,152,0
20,47,10,77,825,0
25,62,214,34,698,0
15,46,150,21,98,0
22,49,248,52,674,0
27,73,135,89,495,1
23,51,207,64,604,0
19,95,245,80,140,0
24,53,185,23,31,0
19,72,157,67,311,1
30,71,15,44,660,0
16,74,108,82,998,1
26,50,207,40,880,0
18,49,192,55,928,0
32,84,27,38,244,0
21,43,143,60,152,0
32,59,139,70,925,0
17,34,182,46,181,0
16,58,193,43,424,0
16,74,147,73,745,1
29,66,9,39,945,0
35,77,18,21,799,0
30,34,110,58,977,0
32,86,106,55,975,0
20,87,50,48,841,0
27,34,73,55,115,0
25,77,156,47,963,0
31,57,41,68,198,0
34,84,76,62,176,0
27,86,208,28,693,0
32,74,65,58,907,0
35,33,248,55,977,0
29,84,107,32,353,0
27,86,118,72,892,1
34,68,9,73,975,0
31,91,94,78,255,1
19,50,23,66,829,0
35,76,155,40,245,0
26,51,114,31,664,0
16,45,210,42,138,0
29,49,69,38,308,0
23,73,167,31,769,0
31,48,143,76,773,0
25,34,71,69,592,0
31,88,228,80,152,0
19,40,29,64,464,0
17,40,154,35,148,0
34,78,197,76,849,1
19,48,199,50,826,0
19,50,48,87,614,0
28,61,111,26,828,0
35,51,243,74,75,0
32,50,27,55,308,0
26,48,105,70,419,0
21,34,185,79,325,0
27,65,14,37,422,0
26,58,188,76,81,0
25,64,188,58,151,0
31,32,106,52,848,0
35,94,219,35,905,0
16,84,249,45,457,0
33,83,19,43,182,0
19,31,36,24,413,0
22,75,81,20,242,0
33,59,232,64,223,0
16,82,29,79,47,0
23,93,87,55,292,0
26,53,89,31,497,0
18,65,233,30,342,0
29,93,59,37,360,0
23,72,167,38,30,0
17,66,217,85,159,0
22,70,8,77,185,0
27,74,145,76,100,0
34,76,49,72,111,0
15,64,143,55,109,0
32,51,250,22,512,0
19,54,164,75,300,0
24,85,199,22,574,0
24,41,36,75,183,0
19,33,87,41,784,0
20,61,212,49,622,0
19,89,243,43,974,0
19,88,37,22,678,0
24,52,91,86,756,0
33,41,123,88,235,0
18,68,241,62,536,0
27,81,184,84,753,1
18,80,3,61,788,0
19,71,176,58,252,0
31,40,40,39,151,0
16,75,60,72,298,0
20,75,63,47,272,0
26,65,218,87,676,0
25,72,221,88,783,1
34,85,175,25,660,0
21,51,139,27,93,0
32,67,1,74,20,0
23,40,222,53,621,0
35,34,98,73,84,0
33,80,199,78,868,1
25,52,137,30,803,0
20,74,117,48,286,0
27,71,85,89,480,1
32,33,154,23,45,0
27,67,168,48,846,0
22,58,98,55,195,0
32,93,57,85,137,0
26,64,227,63,586,0
34,62,159,28,249,0
25,50,188,55,180,0
33,73,36,28,90,0
24,32,5,46,311,0
23,79,112,50,630,0
22,39,194,50,50,0
27,80,44,45,56,0
23,90,141,40,798,0
31,80,45,44,833,0
21,55,129,47,817,0
16,72,93,39,611,0
27,32,80,70,623,0
17,95,5,26,974,0
25,42,234,67,32,0
16,63,157,40,299,0
25,89,101,61,371,1
31,71,83,30,341,0
24,82,61,51,506,0
26,41,213,80,58,0
19,76,36,34,483,0
25,65,199,56,740,0
30,67,52,61,934,0
17,77,188,45,61,0
23,45,202,39,248,0
15,52,12,55,29,0
26,40,221,86,554,0
15,54,155,28,395,0
27,91,184,34,72,0
23,59,205,41,408,0
31,54,73,60,15,0
31,32,215,24,475,0
22,64,240,37,82,0
18,41,214,25,290,0
31,47,133,21,83,0
18,66,241,69,921,0
21,87,204,48,646,0
29,49,5,40,848,0
26,58,144,55,895,0
27,90,83,54,19,0
34,73,230,53,496,0
26,47,220,48,301,0
16,56,94,69,940,0
28,37,194,84,0,0
33,38,247,45,821,0
31,67,103,40,536,0
30,36,90,47,950,0
25,32,97,48,886,0
32,43,223,34,920,0
34,75,47,48,482,0
33,72,119,41,510,0
18,50,83,54,110,0
18,71,211,84,881,1
28,60,63,24,841,0
24,51,230,58,26,0
16,50,204,89,72,0
22,41,97,81,881,0
30,85,153,61,976,1
17,33,216,28,389,0
34,71,105,35,924,0
30,94,159,36,273,0
15,69,217,23,724,0
25,75,111,41,798,0
26,62,173,50,882,0
35,50,19,31,721,0
29,82,193,73,419,1
17,65,3,29,301,0
23,41,25,87,348,0
28,83,212,73,495,1
23,73,229,55,15,0
31,42,86,42,76,0
16,83,75,59,744,0
33,44,173,39,528,0
34,67,112,37,587,0
27,82,232,21,779,0
29,30,96,54,496,0
16,93,243,39,299,0
27,48,195,63,195,0
21,64,105,36,441,0
25,92,176,68,436,1
18,46,236,25,508,0
31,30,246,59,190,0
29,86,80,49,173,0
21,75,15,27,268,0
22,42,110,67,277,0
26,85,159,74,791,1
24,93,15,30,715,0
19,89,108,73,365,1
17,32,1,39,650,0
15,35,241,27,618,0
32,79,137,63,912,1
25,95,130,39,954,0
31,40,236,41,93,0
25,82,196,51,549,0
24,41,146,77,522,0
20,95,105,86,525,1
35,57,155,41,418,0
15,39,135,60,743,0
15,45,156,65,590,0
26,61,176,53,692,0
20,79,173,47,834,0
28,35,117,47,892,0
17,51,38,25,890,0
34,67,225,53,900,0
21,36,232,36,626,0
26,82,185,45,698,0
35,30,62,40,726,0
27,63,95,30,8,0
22,92,214,67,457,1
24,82,142,24,682,0
22,84,134,20,156,0
18,93,173,46,241,0
30,48,31,64,409,0
25,52,234,52,570,0
31,85,39,73,939,0
29,52,76,65,161,0
20,88,162,39,457,0
21,95,1,26,858,0
32,33,84,43,241,0
24,63,221,52,597,0
35,56,35,27,168,0
20,91,171,70,670,1
28,45,60,74,824,0
35,41,83,32,895,0
15,73,93,75,297,1
24,53,2,41,19,0
31,83,121,66,495,1
18,78,20,87,560,0
16,44,218,76,587,0
17,57,237,53,541,0
21,40,173,52,998,0
28,80,103,69,381,1
15,86,47,49,950,0
35,83,219,36,674,0
19,87,79,57,640,0
17,50,216,75,555,0
20,33,177,82,521,0
25,36,155,54,699,0
20,37,71,72,356,0
29,72,191,82,873,1
23,66,179,28,63,0
17,50,161,68,927,0
19,66,79,85,750,0
26,49,71,51,231,0
18,57,153,79,808,0
35,61,71,31,957,0
21,50,31,86,834,0
27,70,43,59,145,0
35,92,11,79,815,0
27,46,115,72,486,0
25,45,158,82,840,0
33,88,104,22,118,0
19,83,12,55,543,0
27,69,196,63,134,0
32,68,24,21,585,0
29,76,137,60,813,0
20,73,65,43,343,0
31,41,104,79,104,0
33,78,66,75,531,0
15,40,211,70,386,0
16,74,154,60,953,0
19,62,176,39,394,0
19,94,71,41,491,0
19,34,105,43,754,0
31,93,18,32,59,0
31,69,218,70,768,0
20,68,225,48,862,0
24,92,85,28,67,0
15,84,120,76,47,0
25,89,115,57,981,0
26,56,242,48,977,0
19,73,230,61,226,1
20,76,31,70,50,0
18,30,162,81,947,0
30,44,209,61,200,0
34,50,81,23,119,0
27,90,200,49,97,0
33,33,2,22,25,0
31,90,62,68,264,0
20,93,2,31,813,0
32,49,184,38,199,0
20,52,43,69,203,0
32,48,208,42,661,0
34,36,28,70,982,0
18,63,77,82,326,0
18,40,158,65,816,0
31,77,228,26,25,0
26,76,131,23,303,0
20,60,47,36,747,0
26,44,68,78,380,0
22,88,6,62,108,0
15,37,138,23,220,0
30,65,26,88,85,0
33,63,5,43,435,0
19,77,107,75,678,1
28,88,77,31,462,0
22,82,216,24,710,0
32,85,55,53,703,0
22,78,23,54,30,0
32,92,200,22,230,0
27,83,95,81,295,1
22,57,66,54,102,0
23,60,209,30,991,0
32,49,31,45,835,0
35,38,147,54,203,0
17,81,77,31,846,0
22,92,62,27,720,0
30,31,100,36,667,0
35,58,96,55,383,0
16,68,236,37,914,0
31,34,48,32,832,0
19,32,95,31,956,0
20,91,223,86,708,1
18,82,239,57,955,0
27,54,225,41,676,0
19,90,182,87,840,1
34,38,152,80,700,0
16,50,17,35,557,0
35,62,156,81,885,0
29,90,7,60,523,0
33,80,128,45,369,0
33,41,101,28,693,0
26,71,230,30,504,0
32,36,180,71,113,0
21,60,44,87,583,0
33,39,151,75,7,0
18,48,30,82,410,0
22,63,70,49,1000,0
27,87,25,66,608,0
32,42,189,47,644,0
33,93,153,57,551,0
20,74,23,89,383,0
29,39,12,65,109,0
16,59,9,28,939,0
19,76,68,60,116,0
27,51,119,77,933,0
16,87,156,55,380,0
24,87,111,83,42,0
24,65,159,87,487,0
19,50,125,69,792,0
17,79,88,61,798,1
25,47,67,34,673,0
23,45,189,38,690,0
19,39,185,87,533,0
15,41,186,33,311,0
19,65,170,36,496,0
35,78,134,83,427,1
23,54,150,52,181,0
29,87,63,53,194,0
25,51,137,61,167,0
18,36,149,30,293,0
24,62,246,34,450,0
23,56,202,22,219,0
34,71,169,87,550,1
33,67,30,43,129,0
20,47,117,56,498,0
18,80,69,38,122,0
24,30,29,28,598,0
31,63,178,35,626,0
29,76,6,43,830,0
30,66,37,77,358,0
31,91,61,67,970,0
29,50,84,63,959,0
27,59,15,77,499,0
15,83,217,74,153,0
35,78,103,40,710,0
22,45,138,29,605,0
20,40,166,43,253,0
21,76,202,20,587,0
16,66,126,74,457,0
28,46,159,53,691,0
28,85,51,63,954,0
24,86,130,26,472,0
16,42,232,42,755,0
21,46,187,67,114,0
31,78,162,60,527,0
33,88,38,81,506,0
24,47,137,50,177,0
32,34,233,30,179,0
15,95,44,77,352,0
22,69,105,44,201,0
17,52,74,20,902,0
34,71,249,74,39,0
17,89,48,87,990,0
26,52,141,29,602,0
21,40,239,40,165,0
24,45,90,49,694,0
17,63,160,54,200,0
30,62,250,58,557,0
17,92,30,69,986,0
19,53,98,88,966,0
17,69,133,72,404,0
18,56,38,84,264,0
17,33,26,54,658,0
20,94,43,44,805,0
24,42,29,37,32,0
24,50,225,65,384,0
32,32,14,79,411,0
19,74,57,74,801,0
34,73,221,52,718,0
33,58,86,29,15,0
32,53,129,69,771,0
25,39,137,76,757,0
24,59,32,37,236,0
18,58,20,82,650,0
30,94,41,35,454,0
15,80,92,26,566,0
31,91,153,41,566,0
27,73,50,80,343,0
35,50,0,83,439,0
31,35,67,64,148,0
30,93,123,74,487,1
23,41,105,78,106,0
21,30,137,82,726,0
16,32,155,84,798,0
31,76,49,31,225,0
17,65,131,67,801,0
24,35,189,67,357,0
32,60,42,23,526,0
15,58,54,38,760,0
15,41,165,52,691,0
15,60,127,87,694,0
16,54,172,37,594,0
21,94,48,88,765,0
33,53,208,53,699,0
31,34,65,62,449,0
22,39,73,25,622,0
19,78,176,83,3,0
16,82,145,89,378,1
21,37,0,62,601,0
35,30,60,85,858,0
17,68,19,23,228,0
23,75,181,78,724,1
28,86,211,67,317,1
29,69,65,22,361,0
17,57,245,49,195,0
27,48,71,36,697,0
18,58,153,31,34,0
35,35,190,84,184,0
25,89,165,78,816,1
20,72,190,30,593,0
16,55,122,40,785,0
15,32,75,52,148,0
22,57,158,47,777,0
22,51,113,75,654,0
22,77,62,35,57,0
27,38,213,65,189,0
29,54,82,66,202,0
34,36,114,67,874,0
30,83,82,70,972,1
26,37,105,74,59,0
19,64,93,35,205,0
30,80,143,62,251,1
21,87,19,57,137,0
32,56,150,34,805,0
18,38,169,84,895,0
19,71,194,24,384,0
15,54,148,51,149,0
25,30,121,67,266,0
24,84,71,24,815,0
22,84,86,66,760,1
17,91,127,26,612,0
17,57,223,81,209,0
17,66,160,37,156,0
35,63,121,40,623,0
23,45,124,81,120,0
23,94,248,59,902,0
32,43,8,38,40,0
23,92,133,88,287,1
31,84,52,29,313,0
23,33,75,30,409,0
30,80,244,79,939,1
26,84,248,67,850,1
21,74,179,58,159,0
26,86,0,84,95,0
24,79,26,34,772,0
32,47,120,64,283,0
17,68,216,63,637,0
32,88,81,45,36,0
19,40,230,53,989,0
27,47,6,67,327,0
19,36,140,74,106,0
25,74,77,61,341,0
32,68,162,40,870,0
27,92,28,65,520,0
20,51,187,71,38,0
19,55,30,47,930,0
20,45,158,73,988,0
26,85,45,29,254,0
25,73,105,48,801,0
24,91,148,25,200,0
17,88,234,36,328,0
27,33,240,39,417,0
33,88,31,85,215,0
29,88,149,70,221,1
33,43,115,90,833,0
26,57,125,27,615,0
22,69,0,49,103,0
22,55,51,72,642,0
34,62,4,65,599,0
26,37,104,81,938,0
31,84,40,73,953,0
28,72,133,42,999,0
21,48,188,27,679,0
30,73,125,24,865,0
20,42,180,65,924,0
19,45,59,40,42,0
33,44,94,37,354,0
26,70,74,60,304,0
30,70,232,70,961,0
22,56,76,70,400,0
34,94,113,79,791,1
20,90,159,65,394,1
22,52,210,84,211,0
30,36,201,87,798,0
34,73,245,74,913,1
20,86,106,79,92,0
20,50,183,85,693,0
35,77,31,69,254,0
26,67,123,53,345,0
27,34,43,58,401,0
18,63,13,28,108,0
16,71,44,81,237,0
31,31,158,65,534,0
23,60,199,64,805,0
20,78,221,73,621,1
22,77,193,58,440,0
26,44,244,64,699,0
20,38,118,53,719,0
16,72,213,53,786,0
24,54,237,63,368,0
24,75,163,47,497,0
22,52,128,24,534,0
33,84,181,33,852,0
22,36,128,79,619,0
21,79,1,63,915,0
25,93,56,83,34,0
22,32,47,56,533,0
23,63,191,84,770,0
22,59,191,77,709,0
15,41,59,59,323,0
27,61,34,85,70,0
19,76,22,64,86,0
18,45,164,61,918,0
25,56,66,88,520,0
32,75,217,54,724,0
20,64,115,56,478,0
29,95,74,89,483,0
16,40,127,77,96,0
21,43,204,84,714,0
20,45,77,49,515,0
25,56,140,90,873,0
26,88,145,80,185,0
34,44,150,70,213,0
15,47,86,50,30,0
29,32,91,40,757,0
22,47,11,79,29,0
32,53,19,59,617,0
24,38,103,39,345,0
15,85,63,27,941,0
25,78,242,76,422,1
23,91,166,84,573,1
15,32,16,89,168,0
17,70,148,87,923,0
33,61,82,89,693,0
17,88,153,34,230,0
19,73,141,75,774,1
19,62,75,43,683,0
25,63,107,28,365,0
25,70,149,90,657,0
27,78,200,55,526,0
22,57,134,65,119,0
20,88,195,88,950,1
25,62,230,30,587,0
15,84,183,62,778,1
24,88,188,26,406,0
27,51,4,57,271,0
19,71,51,38,657,0
35,77,250,65,281,1
30,64,3,78,876,0
32,90,164,60,150,0
22,43,139,53,832,0
22,35,94,40,251,0
32,45,154,49,283,0
24,91,61,28,880,0
35,47,211,48,41,0
25,55,151,62,745,0
16,63,35,88,267,0
21,32,227,88,814,0
16,50,119,49,345,0
17,63,101,62,629,0
28,76,131,78,678,1
18,68,140,38,673,0
33,65,52,90,506,0
34,75,92,39,612,0
17,82,107,74,315,1
20,86,168,84,127,0
33,82,76,69,147,0
28,49,13,30,766,0
28,31,224,37,482,0
30,74,69,87,542,0
25,44,20,30,590,0
26,37,90,73,828,0
19,60,208,34,683,0
25,47,245,78,823,0
27,66,134,24,919,0
30,42,0,73,436,0
18,86,62,72,259,0
19,64,203,23,197,0
19,68,92,31,987,0
15,30,223,78,698,0
34,92,156,49,163,0
25,71,228,50,910,0
22,34,79,32,301,0
15,92,171,53,857,0
26,64,155,32,628,0
23,92,124,43,57,0
33,62,81,23,126,0
17,57,61,36,421,0
34,57,146,33,617,0
32,69,17,40,361,0
31,36,64,65,593,0
18,85,224,84,934,1
33,66,31,46,681,0
26,82,145,66,825,1
28,32,153,35,750,0
26,30,69,72,521,0
15,95,30,26,456,0
19,44,58,23,772,0
25,76,111,72,771,1
16,53,118,26,965,0
30,36,237,55,334,0
24,58,139,27,796,0
27,53,32,48,835,0
35,61,235,81,186,0
23,30,144,85,175,0
30,58,194,42,392,0
22,31,183,20,407,0
22,60,165,32,76,0
24,82,9,20,582,0
15,36,230,41,584,0
25,94,66,31,931,0
32,66,37,71,440,0
27,78,223,64,722,1
28,50,92,74,409,0
31,49,242,83,145,0
33,75,148,29,330,0
35,33,79,26,436,0
27,84,68,44,765,0
16,87,69,76,402,0
19,41,160,55,874,0
35,90,201,40,886,0
34,46,244,42,830,0
32,85,9,57,803,0
19,31,242,77,976,0
23,53,96,69,133,0
25,88,42,68,628,0
34,91,92,90,542,1
25,71,175,83,274,1
31,90,38,59,262,0
33,70,112,60,601,0
22,33,231,41,422,0
33,73,9,61,518,0
19,51,44,51,308,0
18,77,208,78,155,0
22,84,10,54,147,0
21,53,18,35,529,0
18,86,136,90,896,1
19,67,34,36,224,0
35,33,70,82,328,0
22,45,187,41,780,0
18,30,33,66,389,0
29,87,192,27,265,0
33,34,91,39,586,0
31,58,60,57,359,0
29,92,9,69,659,0
31,30,191,86,486,0
16,67,76,80,512,0
19,46,247,90,974,0
33,60,183,63,352,0
24,63,14,87,934,0
32,92,136,77,656,1
24,81,159,22,112,0
15,35,10,62,61,0
30,75,86,21,746,0
29,31,112,74,576,0
15,88,199,78,397,1
21,41,242,65,708,0
29,81,84,59,982,0
15,50,122,82,663,0
35,77,0,61,22,0
32,74,218,32,851,0
25,90,64,82,911,0
29,95,4,43,335,0
22,40,52,26,605,0
18,50,220,40,724,0
24,84,203,67,654,1
15,92,155,22,611,0
17,85,114,21,278,0
25,89,220,83,699,1
35,73,24,50,919,0
19,39,176,25,433,0
16,77,38,76,867,0
35,38,76,78,834,0
15,39,207,42,157,0
26,91,35,77,648,0
25,89,176,35,229,0
24,71,63,82,818,0
29,70,59,65,383,0
22,95,23,60,196,0
17,72,35,46,810,0
28,81,236,70,585,1
19,61,0,63,529,0
27,43,89,62,240,0
17,45,130,82,722,0
19,30,75,64,399,0
35,46,236,49,388,0
32,76,51,87,109,0
25,34,114,74,811,0
25,49,219,39,404,0
35,33,77,52,453,0
21,79,93,58,964,0
19,86,42,50,732,0
26,82,124,50,709,0
20,59,205,59,991,0
34,87,211,46,261,0
24,71,20,59,501,0
27,84,38,64,988,0
17,79,191,25,83,0
33,63,41,39,494,0
18,75,79,81,768,0
20,95,45,23,604,0
18,69,24,79,405,0
15,80,130,46,866,0
17,35,112,84,498,0
29,47,2,83,0,0
35,89,20,81,433,0
35,64,92,57,143,0
16,36,209,20,245,0
18,70,79,59,597,0
20,79,16,64,2,0
16,69,35,35,145,0
21,46,32,74,707,0
19,30,38,27,318,0
21,53,152,75,382,0
19,75,171,59,363,0
25,61,113,37,355,0
34,79,80,26,487,0
30,39,141,74,661,0
17,68,134,83,994,0
31,91,135,75,649,1
20,30,0,67,402,0
29,94,121,57,686,0
32,42,94,63,119,0
24,43,71,84,409,0
32,34,133,55,449,0
33,74,16,65,144,0
24,46,31,90,637,0
24,68,225,70,260,0
26,62,58,59,36,0
21,63,29,41,828,0
15,56,9,56,343,0
21,75,21,51,148,0
34,74,158,53,188,0
30,43,174,36,883,0
24,37,107,79,467,0
24,81,110,65,768,1
22,47,123,46,379,0
16,46,173,87,253,0
31,30,149,69,410,0
17,32,48,30,162,0
18,47,193,53,603,0
21,88,200,44,435,0
16,42,85,77,772,0
21,33,146,29,934,0
15,91,130,26,160,0
20,39,32,33,791,0
24,92,18,40,666,0
35,95,40,20,206,0
29,34,157,71,437,0
34,31,79,39,726,0
33,34,169,41,977,0
29,79,89,57,307,0
32,95,10,56,838,0
31,58,191,22,173,0
30,92,76,62,878,0
33,41,89,59,254,0
34,65,239,66,389,0
17,31,242,52,469,0
32,79,174,62,419,1
21,49,210,84,552,0
32,63,56,31,721,0
27,93,109,57,867,0
32,49,189,72,529,0
33,47,73,39,192,0
23,50,243,40,356,0
31,31,112,69,386,0
35,55,49,55,17,0
29,55,228,56,16,0
17,84,160,60,279,0
31,51,193,89,381,0
31,69,227,81,679,0
18,43,247,62,237,0
23,62,84,29,891,0
17,41,24,37,294,0
17,71,31,87,154,0
35,60,130,44,967,0
16,81,81,52,866,0
26,85,96,46,572,0
32,53,125,57,877,0
23,53,195,67,879,0
18,36,207,87,959,0
24,79,114,24,707,0
22,32,217,79,614,0
23,48,185,66,535,0
18,47,169,29,443,0
17,59,18,27,599,0
33,31,91,76,193,0
28,63,37,70,860,0
24,55,37,21,912,0
23,56,76,67,162,0
21,49,184,73,239,0
26,75,113,72,415,1
33,49,125,42,209,0
22,52,88,64,90,0
20,86,174,52,738,0
15,84,6,86,627,0
30,92,195,31,385,0
29,70,109,61,272,0
25,78,124,52,302,0
33,90,141,67,830,1
34,87,151,60,138,0
26,80,226,48,825,0
27,49,115,46,109,0
19,67,107,81,641,0
21,63,68,63,509,0
22,71,31,49,441,0
29,40,27,42,218,0
34,41,105,36,395,0
26,67,193,47,256,0
22,53,49,33,648,0
18,94,139,51,511,0
35,58,11,79,114,0
30,95,216,71,394,1
30,94,57,27,595,0
29,75,102,49,25,0
33,30,144,65,313,0
34,69,24,26,720,0
22,74,138,51,682,0
27,93,235,50,646,0
20,53,150,75,753,0
21,71,105,34,682,0
24,66,46,89,655,0
24,69,116,75,994,0
24,31,162,60,816,0
20,56,24,20,25,0
33,48,209,27,674,0
26,93,140,65,497,1
19,79,233,32,744,0
24,74,119,72,393,1
18,48,112,24,708,0
28,55,104,84,276,0
16,78,62,40,620,0
29,63,98,48,233,0
30,87,50,76,460,0
25,31,163,31,329,0
30,48,25,26,532,0
22,42,218,37,937,0
24,54,244,38,258,0
33,67,52,81,934,0
25,49,107,86,195,0
34,30,224,42,980,0
32,41,100,85,835,0
27,91,246,55,471,0
33,69,183,25,97,0
27,59,243,87,859,0
34,88,99,26,66,0
18,50,201,47,29,0
28,69,213,67,510,0
24,47,221,27,467,0
19,67,10,51,210,0
34,54,23,27,997,0
16,58,82,52,131,0
29,48,162,34,63,0
16,89,114,86,184,0
18,44,174,59,54,0
23,37,60,31,431,0
22,79,171,43,179,0
20,66,96,77,312,0
32,59,106,44,911,0
19,35,72,26,949,0
33,43,121,60,447,0
26,90,230,28,867,0
23,66,99,73,487,0
22,48,71,78,964,0
22,70,130,70,610,0
18,61,96,33,462,0
25,93,202,32,131,0
21,75,107,72,520,1
21,33,232,58,575,0
25,92,17,79,943,0
27,90,66,83,535,0
24,54,245,86,456,0
30,52,73,62,515,0
35,84,36,77,192,0
30,63,72,22,212,0
33,68,102,28,439,0
31,58,193,33,371,0
24,46,135,22,194,0
19,84,67,21,105,0
31,37,88,46,567,0
34,66,89,56,225,0
31,39,114,23,436,0
30,59,28,76,613,0
22,32,104,29,942,0
31,74,214,20,102,0
15,71,248,74,251,1
17,44,135,23,413,0
29,53,15,85,615,0
30,50,155,80,553,0
16,85,184,78,854,1
20,69,21,89,113,0
20,55,73,89,962,0
23,55,197,21,135,0
31,81,241,30,655,0
15,91,26,25,880,0
34,73,99,56,450,0
35,63,221,73,149,0
22,95,182,86,936,1
21,39,187,20,385,0
30,77,41,31,954,0
27,89,37,75,932,0
35,81,191,37,328,0
18,95,21,26,695,0
15,37,128,66,25,0
24,87,10,65,798,0
27,34,201,73,937,0
24,42,61,68,519,0
16,45,78,86,13,0
17,64,210,65,458,0
20,49,123,35,696,0
23,81,225,34,613,0
20,59,31,77,70,0
32,57,173,48,832,0
23,68,175,25,348,0
31,51,70,33,447,0
29,60,2,84,551,0
26,78,234,83,215,1
34,48,237,85,549,0
17,80,5,87,1000,0
34,81,112,32,397,0
30,94,128,27,221,0
24,93,98,87,566,1
16,42,200,56,105,0
21,30,39,73,541,0
15,49,169,22,49,0
24,35,86,85,178,0
19,65,137,24,898,0
35,72,171,55,786,0
35,51,82,89,420,0
17,69,106,41,707,0
21,69,88,37,270,0
32,68,14,78,654,0
16,73,127,61,641,1
17,37,47,78,121,0
34,89,249,20,483,0
28,42,129,23,99,0
33,92,168,67,227,1
35,93,34,50,870,0
30,95,151,32,839,0
16,32,114,62,848,0
18,94,7,44,181,0
17,40,244,26,514,0
32,64,13,40,265,0
28,32,4,53,426,0
22,83,175,33,894,0
31,63,6,45,470,0
28,82,7,70,808,0
34,82,105,75,784,1
31,62,57,50,494,0
32,94,53,55,165,0
22,59,54,74,95,0
35,67,62,83,162,0
33,62,147,50,591,0
27,58,153,66,393,0
17,79,179,55,824,0
34,81,113,42,176,0
31,35,92,51,715,0
24,50,73,21,62,0
16,60,148,36,492,0
15,41,16,28,591,0
25,43,192,39,195,0
30,78,229,35,994,0
25,33,195,61,281,0
25,80,9,55,368,0
26,34,43,61,990,0
24,51,123,20,453,0
32,83,176,67,29,0
15,63,116,60,906,0
17,63,34,35,92,0
23,80,127,89,501,1
19,39,75,28,345,0
35,39,129,37,331,0
23,77,191,32,706,0
25,87,60,55,524,0
26,86,91,67,502,1
30,44,202,48,345,0
21,30,117,65,667,0
33,68,66,77,799,0
22,84,84,87,559,1
16,58,156,56,28,0
23,88,112,45,758,0
18,82,110,61,305,1
31,88,128,57,737,0
35,90,63,68,896,0
18,76,85,79,282,1
30,74,108,76,255,1
29,66,178,66,793,0
15,50,139,78,674,0
18,88,110,48,34,0
30,43,245,20,53,0
33,43,182,65,881,0
24,33,224,84,787,0
19,66,149,38,493,0
25,65,131,60,831,0
34,37,92,71,52,0
17,63,230,49,511,0
28,80,75,39,493,0
17,85,12,23,89,0
34,93,132,54,49,0
20,86,126,22,624,0
19,84,120,51,498,0
25,39,1,44,420,0
34,79,28,44,830,0
25,35,118,38,165,0
19,54,173,47,801,0
20,83,234,24,276,0
19,35,137,37,126,0
19,40,249,69,238,0
18,51,44,58,518,0
20,92,144,20,481,0
32,76,119,71,862,1
23,94,60,25,800,0
24,50,109,53,596,0
28,69,196,20,706,0
31,68,175,29,87,0
35,77,161,33,808,0
32,52,136,66,458,0
21,70,95,89,573,0
15,70,122,50,633,0
29,89,76,63,881,0
25,59,250,53,984,0
17,34,122,59,578,0
20,45,110,56,899,0
33,73,47,46,100,0
16,52,111,60,206,0
26,57,132,62,351,0
16,53,117,49,402,0
17,87,242,27,466,0
33,60,24,59,149,0
29,45,100,62,326,0
32,75,128,55,702,0
31,52,126,51,843,0
25,57,135,42,119,0
20,33,81,29,18,0
28,39,209,88,452,0
20,79,216,32,20,0
33,90,34,83,145,0
35,66,122,75,675,0
24,82,182,68,943,1
33,32,58,54,573,0
24,52,224,23,15,0
16,41,217,40,898,0
35,75,67,45,670,0
23,67,103,84,525,0
15,61,241,36,593,0
25,32,208,34,293,0
32,64,54,62,730,0
29,94,33,21,639,0
23,75,97,62,268,1
31,51,144,66,442,0
20,64,190,65,227,0
30,36,150,63,660,0
22,42,50,58,644,0
17,37,34,46,660,0
27,88,13,43,981,0
22,31,151,84,298,0
27,53,187,67,606,0
17,93,117,44,982,0
21,38,152,51,853,0
16,37,11,75,77,0
24,84,20,53,345,0
23,61,43,70,779,0
15,56,167,78,152,0
15,73,16,54,936,0
16,72,58,65,452,0
21,33,85,77,913,0
20,59,28,37,469,0
26,32,148,67,852,0
17,63,110,43,409,0
15,89,174,20,580,0
20,57,81,79,979,0
21,38,183,45,582,0
34,88,240,68,400,1
18,47,89,90,823,0
17,50,154,26,718,0
27,45,118,52,224,0
25,66,72,75,985,0
18,69,35,52,548,0
35,51,117,51,624,0
29,34,136,78,524,0
21,75,188,34,834,0
32,90,51,40,467,0
32,31,114,44,800,0
19,50,158,53,299,0
16,75,154,30,774,0
24,91,59,45,990,0
17,63,99,58,527,0
16,82,147,26,549,0
27,55,219,71,927,0
24,56,203,25,346,0
32,87,115,90,183,0
15,68,21,38,542,0
31,59,190,73,637,0
29,44,107,21,797,0
28,79,16,56,146,0
28,30,30,22,451,0
35,56,124,78,876,0
23,47,151,35,715,0
15,71,72,70,766,0
21,32,237,27,470,0
20,90,167,87,246,1
26,55,56,78,573,0
27,68,84,63,788,0
25,61,21,69,793,0
30,85,182,32,343,0
18,72,201,28,964,0
22,32,187,69,211,0
22,33,81,68,265,0
27,92,4,76,382,0
27,81,98,43,945,0
15,37,224,31,608,0
27,93,35,52,368,0
20,59,152,56,412,0
27,75,0,68,61,0
15,92,55,72,43,0
23,43,40,31,863,0
19,93,147,54,997,0
21,38,9,60,459,0
25,46,216,50,377,0
34,67,241,65,420,0
15,95,246,46,560,0
33,92,232,75,404,1
19,49,37,89,679,0
30,90,88,49,132,0
34,88,115,55,118,0
29,59,24,52,193,0
32,40,11,28,299,0
18,31,16,87,833,0
16,47,221,38,249,0
22,80,48,39,4,0
30,44,52,54,658,0
18,53,61,75,652,0
21,40,57,40,63,0
16,52,217,35,812,0
25,92,134,42,964,0
23,94,98,55,799,0
29,71,53,79,194,0
30,76,38,75,940,0
30,69,69,54,808,0
26,64,102,47,258,0
34,81,110,45,438,0
27,52,37,83,755,0
24,47,236,66,469,0
18,34,221,59,914,0
17,32,240,32,627,0
28,84,212,20,767,0
28,72,34,28,758,0
21,52,31,86,141,0
23,80,215,67,763,1
35,35,38,76,924,0
15,48,220,26,944,0
23,67,132,62,285,0
21,68,247,32,822,0
15,63,219,27,385,0
15,64,121,46,890,0
17,69,196,47,878,0
29,84,170,74,74,0
28,93,186,39,651,0
31,93,234,43,156,0
25,58,38,71,342,0
28,37,237,31,180,0
24,55,1,43,350,0
19,91,74,51,904,0
29,54,35,63,262,0
27,86,113,59,580,0
18,35,27,45,485,0
24,75,219,81,789,1
20,78,131,86,247,1
35,50,112,76,340,0
19,45,106,59,426,0
33,94,66,31,697,0
22,68,227,62,476,0
18,78,125,49,589,0
32,92,46,29,206,0
27,58,79,61,724,0
22,35,220,41,981,0
27,82,205,84,876,1
21,65,76,63,285,0
31,52,132,33,786,0
32,68,186,40,865,0
20,45,75,60,153,0
32,81,146,24,63,0
29,41,38,36,72,0
35,80,58,68,182,0
24,93,122,51,883,0
35,41,66,75,569,0
33,73,184,27,623,0
32,72,166,88,927,1
15,73,113,45,262,0
16,36,230,27,109,0
31,57,217,61,571,0
35,93,19,30,814,0
16,74,17,42,955,0
21,92,226,35,740,0
29,49,24,41,206,0
25,83,36,64,958,0
20,91,108,58,505,0
28,39,41,32,167,0
25,63,62,72,736,0
33,62,201,47,448,0
23,75,186,49,788,0
24,63,164,82,50,0
31,61,55,35,281,0
18,63,47,50,156,0
16,59,43,65,877,0
16,63,240,34,635,0
31,43,229,89,359,0
15,67,249,24,756,0
30,62,142,45,209,0
25,91,153,89,822,1
15,94,62,42,597,0
21,53,2,56,610,0
31,64,82,26,978,0
24,57,48,76,692,0
24,82,103,68,238,1
21,48,87,54,108,0
24,76,99,66,381,1
20,39,169,63,413,0
33,91,115,88,124,0
19,93,225,80,230,1
28,72,248,25,389,0
33,60,243,80,924,0
35,81,68,57,803,0
33,49,166,54,295,0
19,31,162,57,720,0
15,68,233,63,938,0
28,55,133,57,859,0
21,40,248,84,469,0
18,75,140,82,724,1
29,67,222,21,946,0
32,92,52,20,936,0
27,95,240,89,991,1
35,50,97,66,375,0
15,67,185,86,202,0
23,50,77,59,174,0
19,78,120,81,525,1
32,54,15,62,62,0
32,56,11,44,528,0
31,53,213,62,291,0
31,71,112,36,324,0
32,93,105,28,920,0
26,69,118,32,824,0
26,35,188,55,412,0
29,46,205,47,767,0
20,71,101,44,946,0
22,75,222,36,629,0
16,95,139,43,681,0
19,95,247,64,654,1
27,91,139,48,173,0
25,62,239,86,296,0
26,50,246,35,415,0
19,52,72,64,687,0
31,60,241,54,778,0
18,43,50,42,581,0
24,63,138,40,976,0
31,31,206,83,287,0
35,77,128,80,304,1
16,65,161,57,313,0
28,68,81,28,120,0
19,69,155,75,525,0
15,61,140,26,206,0
22,93,124,21,348,0
17,74,99,49,936,0
33,52,196,39,40,0
26,43,213,46,690,0
35,52,3,74,22,0
22,58,106,43,124,0
32,57,81,70,762,0
28,86,212,55,793,0
28,94,176,53,39,0
20,88,30,67,845,0
25,59,48,39,620,0
34,71,116,60,628,0
20,81,195,59,889,0
26,86,113,21,484,0
21,51,127,79,35,0
22,38,232,80,489,0
35,42,2,55,688,0
29,71,86,25,351,0
17,53,172,74,361,0
18,50,22,84,648,0
26,51,203,37,43,0
19,49,200,30,819,0
15,82,49,87,569,0
21,70,20,37,300,0
20,61,93,60,110,0
21,44,175,87,368,0
22,73,90,30,550,0
29,47,237,41,14,0
34,57,134,46,678,0
16,58,182,75,696,0
27,87,171,29,787,0
19,64,110,60,700,0
23,60,166,83,850,0
34,45,201,38,348,0
20,66,138,89,573,0
31,34,152,86,210,0
18,46,8,57,309,0
24,49,176,74,849,0
21,64,218,34,315,0
35,44,28,29,453,0
16,93,84,28,67,0
31,50,18,45,516,0
30,91,75,67,37,0
33,52,246,49,427,0
35,79,205,64,996,1
22,78,119,64,352,1
21,30,238,64,180,0
26,35,89,39,863,0
18,95,150,34,702,0
17,75,235,40,644,0
19,92,67,22,898,0
26,77,198,57,680,0
34,74,81,38,83,0
35,31,182,27,662,0
23,34,58,56,140,0
35,40,10,54,880,0
26,78,116,86,111,0
16,57,42,40,127,0
19,34,98,72,11,0
35,95,133,45,215,0
35,55,91,49,965,0
26,30,96,42,201,0
24,85,206,33,524,0
32,69,219,21,233,0
34,62,29,85,810,0
17,41,107,37,349,0
17,88,20,85,382,0
33,48,185,73,940,0
31,68,194,68,107,0
24,51,125,37,770,0
32,67,100,41,790,0
35,32,128,65,799,0
30,36,34,34,753,0
19,92,80,61,489,0
33,31,239,29,145,0
24,42,37,64,781,0
19,75,38,33,455,0
32,58,195,24,163,0
34,46,69,53,142,0
19,95,108,46,108,0
24,70,144,85,609,0
17,68,77,83,112,0
24,80,172,53,105,0
35,78,51,60,337,0
15,46,224,58,900,0
27,31,237,45,247,0
32,76,7,84,96,0
29,84,191,60,772,0
29,53,46,61,911,0
26,49,202,67,502,0
32,61,20,56,249,0
19,49,157,88,272,0
31,68,8,81,492,0
35,30,59,82,74,0
24,59,8,84,57,0
16,77,58,60,247,0
30,43,200,52,831,0
33,84,184,59,936,0
30,80,216,31,273,0
31,72,57,70,764,0
24,70,245,22,317,0
27,77,218,68,459,1
33,66,44,74,105,0
15,92,47,70,192,0
21,33,225,33,618,0
18,84,105,87,599,1
31,62,217,59,621,0
18,40,126,20,236,0
22,48,199,90,607,0
22,63,150,52,876,0
29,58,48,43,308,0
35,68,131,32,727,0
15,86,155,76,177,0
19,48,169,43,421,0
17,78,230,45,296,0
21,94,25,53,371,0
27,31,245,54,386,0
25,57,49,75,716,0
22,65,36,49,596,0
26,35,74,90,884,0
21,74,209,34,481,0
28,90,184,78,88,0
29,42,54,76,633,0
17,56,35,29,865,0
18,86,33,79,64,0
32,70,169,89,820,0
28,64,246,54,832,0
21,85,74,54,961,0
18,61,71,62,936,0
16,82,52,82,427,0
26,84,49,85,142,0
15,71,124,66,234,1
34,56,225,58,268,0
16,86,107,46,573,0
19,52,64,72,714,0
21,47,125,72,906,0
35,47,39,38,600,0
30,77,6,45,439,0
30,30,147,86,69,0
35,80,62,67,101,0
22,92,93,49,130,0
25,83,119,26,407,0
28,82,94,51,563,0
32,44,232,60,184,0
26,82,225,34,804,0
31,74,230,21,219,0
32,33,212,84,704,0
17,54,100,78,889,0
20,60,151,90,446,0
22,50,213,34,177,0
19,79,154,75,870,1
17,77,135,72,173,0
21,72,104,77,195,0
21,51,240,22,447,0
31,44,22,65,993,0
34,64,103,27,897,0
34,72,51,28,100,0
35,95,89,73,849,1
17,92,202,82,942,1
17,81,152,38,483,0
31,32,216,59,13,0
32,52,201,45,232,0
34,68,214,61,80,0
31,65,204,39,391,0
20,60,16,73,663,0
16,48,13,75,778,0
17,77,215,61,189,0
22,65,180,80,142,0
18,58,127,79,510,0
21,95,100,67,899,1
15,69,135,55,209,0
25,48,54,38,80,0
32,66,191,47,356,0
21,62,82,85,335,0
35,53,143,69,839,0
31,66,11,35,525,0
19,40,17,41,692,0
33,51,139,23,364,0
21,55,219,39,17,0
16,46,157,86,879,0
21,43,110,78,607,0
16,85,22,21,439,0
31,69,143,42,179,0
34,45,185,57,743,0
29,72,250,38,879,0
21,57,122,49,63,0
21,66,157,83,475,0
16,45,211,64,581,0
22,48,6,20,999,0
24,78,27,25,402,0
27,67,183,52,474,0
33,83,101,32,975,0
31,94,90,46,99,0
22,61,228,63,351,0
18,56,61,87,281,0
34,78,58,53,896,0
22,56,48,53,520,0
30,31,149,54,995,0
15,87,199,59,393,0
17,94,225,25,337,0
35,37,227,89,657,0
33,84,8,51,995,0
32,41,17,54,836,0
17,61,5,69,530,0
32,39,232,87,142,0
33,81,125,59,415,0
26,70,204,38,0,0
30,61,134,90,923,0
19,64,235,66,663,0
34,75,14,80,17,0
26,45,106,72,825,0
31,67,130,90,595,0
24,75,184,28,67,0
25,56,18,83,343,0
34,66,124,75,363,0
24,56,108,47,551,0
21,59,107,61,943,0
23,75,122,20,330,0
26,77,3,86,61,0
34,77,120,88,492,1
15,47,226,20,905,0
18,77,62,60,50,0
29,79,131,45,279,0
26,50,133,70,805,0
23,82,231,32,745,0
26,68,129,42,159,0
23,53,73,58,236,0
23,36,181,90,284,0
29,79,238,61,830,1
21,45,0,41,973,0
16,85,95,65,34,0
23,83,208,51,788,0
16,48,173,47,238,0
35,75,155,69,40,0
23,89,140,72,542,1
33,35,107,39,398,0
27,41,13,49,363,0
25,63,119,54,200,0
15,91,74,88,262,0
33,92,72,33,462,0
23,46,51,67,383,0
21,51,30,28,28,0
21,38,103,54,764,0
22,52,156,25,856,0
15,87,37,69,141,0
24,43,170,37,606,0
26,31,127,59,191,0
23,38,15,89,723,0
31,37,73,39,254,0
33,38,121,87,797,0
35,63,127,66,619,0
23,93,101,28,441,0
26,89,231,69,422,1
22,60,79,25,609,0
24,90,119,46,575,0
30,74,112,42,311,0
31,56,231,67,527,0
33,41,119,87,201,0
20,89,55,48,861,0
23,38,145,63,347,0
24,80,63,84,990,0
30,91,198,45,96,0
17,82,136,72,628,1
28,89,188,46,391,0
29,63,114,37,935,0
23,62,91,69,621,0
27,52,230,48,751,0
22,37,125,33,903,0
26,67,135,69,940,0
27,34,114,48,803,0
25,62,39,65,939,0
29,62,37,77,388,0
30,81,169,74,259,1
26,43,94,31,322,0
19,72,199,27,75,0
22,69,135,89,797,0
16,46,235,38,833,0
26,91,71,60,305,0
32,74,223,47,150,0
28,79,154,51,119,0
32,40,117,40,524,0
22,47,54,84,200,0
19,74,167,34,47,0
23,60,243,64,192,0
30,68,229,90,773,0
18,38,61,67,485,0
19,52,34,53,626,0
35,54,132,55,63,0
20,39,16,29,103,0
23,65,219,25,603,0
23,46,217,37,134,0
16,58,46,45,348,0
30,43,144,52,682,0
28,45,39,82,993,0
25,41,104,39,741,0
23,66,120,86,745,0
29,69,80,57,168,0
16,51,19,44,96,0
33,81,183,72,219,1
24,74,130,37,929,0
24,66,191,85,588,0
15,32,46,84,32,0
23,83,90,59,792,0
35,85,175,79,745,1
20,87,12,45,615,0
27,75,5,84,198,0
31,55,157,55,395,0
31,56,108,70,757,0
18,95,118,69,180,0
28,40,51,29,296,0
23,60,225,20,653,0
18,60,107,86,990,0
16,84,200,31,824,0
22,46,195,51,230,0
26,43,35,38,756,0
18,52,214,86,358,0
32,83,50,26,48,0
26,85,60,82,780,0
34,58,103,41,214,0
20,41,89,60,752,0
17,44,113,33,547,0
23,87,126,46,128,0
16,56,122,28,477,0
22,45,41,28,404,0
31,57,185,76,69,0
26,41,217,74,957,0
34,55,165,78,502,0
19,89,79,53,959,0
25,90,16,86,540,0
20,71,133,84,133,0
17,94,165,76,555,1
21,40,106,64,660,0
21,51,40,71,654,0
16,95,243,83,933,1
21,72,119,79,74,0
18,60,159,63,145,0
33,31,129,66,125,0
30,93,186,28,65,0
15,64,21,56,155,0
27,88,18,36,423,0
30,55,76,32,405,0
17,41,131,20,481,0
18,75,226,55,36,0
25,70,195,59,550,0
17,66,224,71,767,0
15,32,143,73,396,0
34,75,143,65,504,1
26,70,136,37,755,0
18,95,10,84,561,0
24,85,15,49,608,0
24,70,223,70,455,0
21,65,128,43,109,0
22,75,214,38,5,0
33,33,191,65,884,0
30,59,168,45,520,0
35,62,200,34,966,0
34,56,92,66,739,0
31,31,30,67,753,0
25,92,53,90,386,0
21,65,167,26,220,0
33,72,78,34,467,0
29,77,179,24,449,0
22,67,26,38,517,0
19,64,185,58,802,0
30,45,151,26,25,0
23,85,26,66,198,0
17,84,213,34,558,0
30,46,224,52,925,0
18,41,133,31,581,0
32,86,46,27,794,0
31,57,218,32,502,0
16,63,235,48,758,0
24,41,38,63,883,0
28,45,72,75,28,0
24,50,97,54,943,0
34,58,159,85,192,0
25,74,52,27,636,0
27,44,243,74,26,0
27,41,39,71,623,0
31,71,117,21,966,0
21,30,229,38,924,0
26,53,162,44,551,0
23,52,80,76,542,0
26,51,117,45,556,0
17,91,145,55,405,0
20,52,188,85,455,0
34,82,215,44,731,0
21,35,106,27,710,0
30,58,135,82,602,0
35,34,249,47,671,0
19,50,112,21,750,0
32,74,217,42,640,0
17,48,167,71,668,0
21,54,208,82,4,0
22,75,157,63,42,0
31,52,127,71,429,0
27,39,7,49,955,0
18,94,3,84,812,0
26,84,103,81,878,1
22,53,125,43,285,0
31,66,233,69,194,0
33,38,19,77,571,0
22,33,100,46,591,0
15,66,151,54,79,0
15,59,56,63,690,0
34,69,99,39,816,0
20,82,62,28,73,0
29,40,84,35,659,0
30,64,99,81,890,0
18,83,158,42,633,0
22,77,86,65,128,0
22,65,70,26,881,0
15,44,237,35,406,0
25,89,109,41,319,0
33,53,114,43,579,0
35,36,119,40,233,0
25,75,61,30,139,0
22,43,106,26,15,0
17,68,11,65,691,0
27,33,7,85,823,0
28,76,135,71,622,1
31,72,139,55,579,0
16,49,144,21,326,0
21,92,243,60,240,0
21,84,8,44,466,0
28,86,192,40,977,0
24,44,74,44,27,0
32,77,20,52,801,0
16,55,17,58,899,0
17,31,139,43,164,0
20,65,94,55,707,0
25,92,235,57,788,0
32,83,21,40,867,0
20,90,49,30,464,0
15,60,36,36,816,0
17,33,207,81,689,0
24,86,192,53,570,0
20,83,116,71,520,1
23,82,130,59,715,0
32,64,60,51,979,0
32,72,32,59,613,0
23,86,242,36,108,0
29,94,250,63,891,1
15,94,157,54,556,0
15,80,107,34,650,0
16,61,111,70,196,0
15,48,104,77,512,0
20,76,138,83,732,1
29,68,156,59,953,0
35,44,243,80,0,0
34,47,74,89,745,0
24,84,124,39,686,0
23,63,180,45,138,0
20,91,112,55,908,0
35,33,240,74,156,0
21,79,239,33,1,0
34,39,90,34,92,0
33,70,113,52,923,0
17,66,134,70,523,0
21,90,38,25,730,0
18,38,18,38,906,0
16,63,202,69,890,0
27,79,193,42,85,0
19,91,91,42,547,0
19,77,221,49,902,0
17,35,119,24,801,0
27,68,182,66,952,0
34,79,153,86,729,1
24,40,194,50,563,0
25,89,166,74,986,1
17,30,172,64,269,0
32,82,83,63,597,1
25,64,226,80,985,0
28,76,163,60,439,0
33,56,128,78,858,0
29,35,66,75,283,0
22,71,181,39,930,0
17,44,242,53,567,0
21,35,68,22,974,0
20,86,29,29,622,0
24,59,176,64,950,0
34,42,248,21,65,0
19,89,245,69,365,1
18,62,81,71,994,0
32,93,145,88,7,0
28,61,60,24,844,0
18,73,43,64,216,0
26,52,220,50,796,0
17,52,61,72,743,0
23,36,72,52,570,0
18,32,29,90,970,0
15,91,15,85,55,0
26,95,116,34,133,0
19,58,131,35,254,0
28,48,232,27,955,0
23,62,13,85,300,0
32,69,115,53,949,0
21,88,180,35,255,0
33,94,174,21,951,0
22,92,168,30,787,0
26,56,44,39,425,0
24,69,64,71,295,0
24,90,10,42,791,0
27,54,190,81,145,0
19,70,7,54,787,0
29,80,177,56,301,0
24,44,4,54,520,0
29,43,142,57,150,0
17,30,120,53,0,0
18,64,237,44,85,0
19,45,138,69,168,0
19,85,90,51,220,0
17,77,16,70,547,0
17,89,79,21,71,0
26,35,146,72,483,0
33,71,228,59,325,0
35,66,121,76,221,0
19,94,68,87,221,0
31,37,93,33,337,0
18,52,47,73,72,0
24,93,49,29,246,0
17,35,87,79,104,0
27,63,158,22,252,0
25,73,58,23,812,0
18,84,21,21,667,0
24,49,190,37,199,0
32,80,79,81,771,0
27,53,207,77,315,0
15,41,83,55,453,0
23,79,134,77,332,1
29,89,151,87,387,1
27,59,71,81,819,0
31,79,30,45,725,0
19,74,185,42,377,0
27,71,145,36,333,0
31,47,30,25,0,0
30,72,92,73,76,0
15,33,36,29,30,0
20,58,42,23,258,0
16,81,228,63,711,1
33,68,8,81,51,0
19,53,206,69,598,0
15,88,156,77,951,1
21,70,135,31,859,0
32,94,247,39,750,0
24,48,101,38,301,0
29,69,238,54,872,0
24,78,165,23,818,0
20,81,212,50,744,0
22,50,203,32,935,0
16,83,50,85,75,0
22,55,115,20,736,0
19,89,90,58,869,0
26,81,113,29,89,0
23,46,104,88,360,0
20,93,202,56,710,0
25,50,19,36,980,0
20,63,186,77,267,0
20,71,132,88,141,0
34,38,50,22,94,0
20,87,206,62,397,1
19,43,1,39,502,0
25,47,80,20,114,0
26,76,2,69,445,0
34,53,59,38,415,0
35,37,107,27,986,0
24,57,152,25,942,0
33,39,126,77,619,0
21,37,233,29,192,0
28,75,230,55,469,0
28,72,79,26,372,0
25,37,210,43,794,0
24,64,122,64,848,0
25,61,51,61,542,0
19,35,148,71,812,0
15,64,22,52,665,0
35,47,206,87,11,0
22,36,115,42,880,0
16,61,248,73,455,0
18,45,231,61,258,0
32,83,237,82,957,1
24,49,37,82,248,0
35,58,181,70,15,0
31,48,46,41,585,0
29,59,24,28,867,0
25,83,102,64,475,1
34,72,49,72,933,0
35,93,84,59,849,0
33,81,158,67,162,0
31,41,27,75,541,0
16,35,225,75,881,0
30,71,91,31,723,0
29,49,73,52,395,0
24,60,71,83,320,0
32,83,185,75,489,1
22,47,171,56,294,0
15,72,135,84,444,1
17,53,240,24,175,0
29,83,122,87,484,1
34,80,238,79,250,1
28,47,71,72,85,0
17,55,244,54,783,0
20,92,234,61,181,0
20,72,7,84,507,0
22,61,148,42,139,0
20,76,198,77,218,1
20,81,113,33,77,0
21,33,137,42,776,0
24,46,201,56,678,0
21,65,37,26,405,0
33,75,20,45,426,0
34,33,78,74,100,0
30,92,145,68,152,0
21,72,179,23,973,0
35,77,3,85,251,0
21,69,151,41,379,0
34,34,235,83,501,0
32,79,11,45,312,0
35,65,157,29,155,0
29,31,125,78,556,0
21,62,178,29,391,0
17,56,168,72,298,0
24,46,223,23,764,0
29,93,196,79,956,1
33,33,217,46,44,0
22,64,54,81,932,0
21,53,36,59,866,0
15,50,176,72,362,0
30,39,0,36,135,0
28,34,236,39,173,0
27,47,33,70,908,0
23,79,64,80,9,0
28,40,93,24,656,0
21,40,184,63,732,0
34,72,216,75,590,1
22,51,79,75,873,0
28,74,165,49,13,0
33,48,15,49,434,0
17,32,21,51,636,0
22,95,208,56,61,0
34,77,176,89,678,1
25,33,8,63,733,0
20,85,224,30,856,0
23,74,249,34,277,0
33,61,208,82,554,0
20,72,207,83,9,0
26,93,44,51,472,0
35,95,200,74,590,1
20,53,206,67,425,0
35,73,7,71,438,0
15,67,179,70,279,0
21,35,210,30,929,0
23,68,88,31,113,0
26,45,128,36,296,0
18,33,75,70,233,0
30,83,7,28,573,0
24,74,54,37,390,0
31,90,79,76,305,0
20,71,204,80,179,0
22,82,216,57,503,0
33,61,6,55,51,0
18,61,77,32,333,0
23,72,193,55,527,0
30,56,81,26,653,0
35,44,214,89,586,0
29,39,171,59,702,0
25,78,77,90,764,0
18,94,135,76,619,1
16,75,121,37,652,0
32,71,219,69,553,1
17,48,97,28,947,0
32,55,237,50,857,0
31,73,244,39,889,0
19,76,138,28,137,0
32,85,44,41,292,0
24,94,57,27,968,0
21,34,141,74,142,0
18,65,63,72,862,0
33,44,81,59,896,0
28,79,193,52,270,0
35,84,54,28,113,0
29,31,172,60,881,0
27,65,97,66,803,0
17,46,52,80,971,0
18,63,32,82,431,0
22,69,54,86,331,0
15,87,108,26,900,0
16,53,63,73,714,0
28,46,50,45,554,0
15,40,54,55,244,0
32,91,193,87,677,1
18,42,18,28,856,0
27,87,5,83,630,0
26,44,44,66,5,0
31,54,69,76,725,0
21,91,144,24,708,0
31,88,83,83,896,1
17,92,90,41,665,0
23,86,207,84,515,1
30,90,220,79,558,1
31,44,229,26,873,0
35,53,159,52,437,0
25,79,121,86,673,1
21,38,175,36,759,0
23,50,111,79,766,0
17,73,121,79,488,1
22,66,238,61,262,0
35,51,141,90,8,0
27,86,212,89,689,1
22,89,79,46,568,0
26,33,162,32,799,0
15,37,172,55,130,0
31,53,222,33,964,0
21,49,31,50,926,0
35,55,125,79,403,0
17,88,14,28,772,0
19,92,89,33,808,0
27,46,86,41,517,0
25,82,244,82,94,0
23,35,68,61,857,0
24,84,90,38,888,0
24,80,225,60,131,0
20,66,17,49,900,0
35,75,50,37,153,0
27,52,89,85,325,0
26,92,80,50,446,0
22,78,190,47,462,0
28,50,173,82,948,0
34,94,109,82,291,1
18,91,32,65,626,0
31,52,180,72,730,0
32,53,233,72,498,0
24,30,28,81,253,0
16,93,16,78,904,0
20,67,152,58,46,0
23,87,135,59,296,0
16,59,132,87,963,0
16,86,203,39,583,0
15,92,108,89,324,1
30,70,13,38,499,0
27,92,47,81,726,0
33,90,216,80,999,1
29,30,77,76,304,0
27,53,56,52,958,0
35,31,18,47,354,0
21,94,201,88,658,1
20,61,238,69,957,0
22,88,222,37,550,0
22,65,164,63,454,0
18,93,26,23,910,0
31,63,77,84,918,0
16,76,56,69,726,0
17,63,246,69,494,0
25,72,53,42,829,0
17,65,188,51,791,0
32,90,102,79,636,1
17,79,196,80,928,1
26,47,24,52,723,0
28,60,207,29,750,0
24,92,209,61,133,0
15,48,39,27,582,0
16,48,157,78,772,0
23,42,4,87,816,0
15,70,47,45,508,0
15,57,122,69,629,0
25,44,219,67,222,0
21,65,17,44,474,0
31,32,215,39,73,0
31,42,116,59,841,0
20,90,84,63,637,1
17,50,133,71,445,0
15,32,133,90,12,0
27,68,12,79,136,0
29,84,102,81,72,0
28,70,169,88,447,0
18,46,237,75,344,0
15,86,132,42,245,0
24,31,236,27,925,0
19,52,178,58,393,0
24,69,189,74,612,0
35,79,249,79,24,0
17,85,53,65,693,0
18,67,225,73,986,0
24,95,183,90,184,0
23,44,95,79,493,0
19,55,160,32,431,0
17,80,11,21,898,0
28,66,189,32,732,0
25,89,124,39,860,0
35,45,67,77,237,0
17,52,215,65,887,0
23,70,75,56,872,0
15,91,172,79,700,1
19,41,71,25,965,0
34,31,188,84,270,0
25,51,112,81,328,0
31,94,67,88,825,0
31,57,40,21,802,0
18,42,195,30,531,0
25,83,128,60,142,0
18,64,80,84,986,0
20,71,12,66,32,0
24,33,104,36,696,0
18,64,44,48,437,0
32,38,9,37,40,0
27,41,14,23,593,0
27,52,85,76,759,0
16,89,207,24,407,0
22,85,223,42,0,0
28,58,103,72,603,0
17,78,184,36,647,0
18,60,190,44,236,0
16,32,86,85,426,0
21,30,151,30,316,0
18,46,232,54,938,0
20,91,221,85,306,1
19,46,33,34,122,0
23,71,208,23,563,0
23,82,104,26,47,0
34,31,235,44,74,0
15,40,144,55,448,0
19,84,168,28,156,0
29,41,182,53,646,0
29,36,239,63,605,0
35,58,43,75,142,0
22,74,218,37,392,0
32,68,92,23,529,0
27,50,66,67,969,0
31,69,243,59,738,0
20,60,250,43,322,0
23,50,47,53,198,0
27,38,80,74,419,0
28,90,180,89,381,1
34,84,33,62,711,0
23,91,67,69,312,0
33,73,73,81,829,0
30,49,201,83,328,0
27,93,33,31,941,0
26,53,68,20,791,0
29,66,47,28,953,0
34,45,152,21,140,0
19,39,2,42,644,0
31,71,222,24,217,0
15,80,190,44,265,0
27,56,191,86,657,0
20,71,51,87,888,0
32,88,151,49,86,0
15,67,75,52,703,0
21,30,176,35,289,0
22,33,71,36,471,0
29,94,124,43,201,0
15,55,6,46,196,0
17,89,98,46,555,0
33,34,27,73,688,0
35,94,186,86,830,1
23,60,196,60,87,0
30,51,143,75,702,0
19,39,30,22,324,0
29,66,124,32,200,0
24,86,91,54,294,0
34,76,246,90,633,1
15,59,145,66,404,0
24,60,170,88,843,0
22,64,22,71,144,0
24,51,57,43,964,0
22,85,27,20,857,0
20,41,74,26,716,0
31,63,68,70,620,0
29,65,30,42,211,0
17,82,128,76,735,1
25,53,194,41,190,0
33,47,223,27,311,0
26,67,61,40,963,0
32,59,10,47,837,0
19,94,166,20,402,0
30,67,124,82,688,0
34,74,239,79,266,1
35,57,170,69,312,0
23,61,44,79,113,0
26,83,52,28,387,0
30,92,64,43,738,0
30,47,212,71,662,0
30,72,19,44,987,0
23,74,158,30,696,0
27,51,69,42,519,0
24,95,116,76,512,1
16,35,98,56,711,0
35,35,62,63,974,0
34,95,37,45,361,0
32,44,217,37,610,0
30,82,63,87,69,0
20,73,86,31,607,0
21,35,186,84,370,0
34,38,223,49,800,0
25,86,73,30,324,0
28,69,171,27,984,0
30,74,60,72,103,0
26,95,26,51,541,0
19,79,223,82,30,0
26,39,62,53,768,0
23,30,125,61,526,0
